min_elev,max_elev,area
500,501,9.00E-04
501,502,0
502,503,0
503,504,0.0018
504,505,0
505,506,0
506,507,0
507,508,0
508,509,9.00E-04
509,510,0.0018
510,511,9.00E-04
511,512,0
512,513,9.00E-04
513,514,0
514,515,0
515,516,0
516,517,0
517,518,0
518,519,0
519,520,0
520,521,9.00E-04
521,522,0.0018
522,523,0.0018
523,524,9.00E-04
524,525,0
525,526,9.00E-04
526,527,9.00E-04
527,528,0
528,529,9.00E-04
529,530,9.00E-04
530,531,0
531,532,0
532,533,9.00E-04
533,534,9.00E-04
534,535,9.00E-04
535,536,9.00E-04
536,537,9.00E-04
537,538,0.0027
538,539,9.00E-04
539,540,0
540,541,0
541,542,9.00E-04
542,543,0.0018
543,544,0
544,545,9.00E-04
545,546,0
546,547,0
547,548,9.00E-04
548,549,9.00E-04
549,550,9.00E-04
550,551,0
551,552,0
552,553,0.0027
553,554,9.00E-04
554,555,0
555,556,9.00E-04
556,557,9.00E-04
557,558,0
558,559,0
559,560,0
560,561,0
561,562,9.00E-04
562,563,9.00E-04
563,564,0
564,565,9.00E-04
565,566,0
566,567,0
567,568,9.00E-04
568,569,0
569,570,9.00E-04
570,571,9.00E-04
571,572,0.0018
572,573,0.0027
573,574,0
574,575,0
575,576,0
576,577,0
577,578,0
578,579,9.00E-04
579,580,0
580,581,0
581,582,0
582,583,0
583,584,0
584,585,0
585,586,9.00E-04
586,587,0
587,588,9.00E-04
588,589,9.00E-04
589,590,0
590,591,0
591,592,0
592,593,9.00E-04
593,594,9.00E-04
594,595,0
595,596,0
596,597,0
597,598,0.0018
598,599,9.00E-04
599,600,0
600,601,9.00E-04
601,602,9.00E-04
602,603,9.00E-04
603,604,0
604,605,0
605,606,0.0018
606,607,9.00E-04
607,608,0
608,609,0
609,610,0.0018
610,611,9.00E-04
611,612,0
612,613,0.0018
613,614,0
614,615,9.00E-04
615,616,0
616,617,0.0018
617,618,0
618,619,0.0018
619,620,9.00E-04
620,621,0
621,622,0
622,623,0.0018
623,624,9.00E-04
624,625,0
625,626,0
626,627,0.0027
627,628,9.00E-04
628,629,0
629,630,0
630,631,0
631,632,9.00E-04
632,633,0.0018
633,634,0
634,635,0.0018
635,636,0
636,637,9.00E-04
637,638,0
638,639,9.00E-04
639,640,0
640,641,0
641,642,0.0036
642,643,9.00E-04
643,644,0
644,645,9.00E-04
645,646,9.00E-04
646,647,0
647,648,0
648,649,0
649,650,0.0018
650,651,9.00E-04
651,652,0
652,653,0.0018
653,654,0
654,655,0
655,656,0
656,657,9.00E-04
657,658,0
658,659,0
659,660,0
660,661,9.00E-04
661,662,9.00E-04
662,663,9.00E-04
663,664,9.00E-04
664,665,0
665,666,9.00E-04
666,667,0
667,668,9.00E-04
668,669,0
669,670,0
670,671,9.00E-04
671,672,0.0018
672,673,0
673,674,9.00E-04
674,675,9.00E-04
675,676,0.0018
676,677,9.00E-04
677,678,0
678,679,0
679,680,0
680,681,0
681,682,9.00E-04
682,683,9.00E-04
683,684,0
684,685,0
685,686,0.0018
686,687,9.00E-04
687,688,9.00E-04
688,689,9.00E-04
689,690,0
690,691,0
691,692,0.0018
692,693,0.0018
693,694,0
694,695,9.00E-04
695,696,0
696,697,0
697,698,9.00E-04
698,699,0
699,700,0
700,701,0
701,702,9.00E-04
702,703,9.00E-04
703,704,0.0018
704,705,9.00E-04
705,706,0
706,707,0
707,708,9.00E-04
708,709,0
709,710,0.0027
710,711,0
711,712,9.00E-04
712,713,9.00E-04
713,714,9.00E-04
714,715,0
715,716,9.00E-04
716,717,9.00E-04
717,718,0
718,719,0
719,720,9.00E-04
720,721,9.00E-04
721,722,0
722,723,9.00E-04
723,724,9.00E-04
724,725,0.0018
725,726,0
726,727,0.0027
727,728,0
728,729,0
729,730,0
730,731,0
731,732,0
732,733,0
733,734,0
734,735,0
735,736,0.0018
736,737,0.0018
737,738,0
738,739,9.00E-04
739,740,0
740,741,0
741,742,0
742,743,0
743,744,0.0018
744,745,0
745,746,9.00E-04
746,747,0
747,748,0.0018
748,749,9.00E-04
749,750,0.0018
750,751,9.00E-04
751,752,9.00E-04
752,753,9.00E-04
753,754,0
754,755,9.00E-04
755,756,9.00E-04
756,757,0
757,758,9.00E-04
758,759,9.00E-04
759,760,0.0018
760,761,9.00E-04
761,762,0
762,763,9.00E-04
763,764,0.0018
764,765,0
765,766,0
766,767,0
767,768,0
768,769,0
769,770,9.00E-04
770,771,0
771,772,0
772,773,0.0018
773,774,9.00E-04
774,775,0.0018
775,776,9.00E-04
776,777,0
777,778,0.0018
778,779,0
779,780,9.00E-04
780,781,0
781,782,0
782,783,0
783,784,0
784,785,0.0018
785,786,9.00E-04
786,787,0.0018
787,788,9.00E-04
788,789,0
789,790,0
790,791,0
791,792,0
792,793,9.00E-04
793,794,0.0018
794,795,0
795,796,0
796,797,9.00E-04
797,798,9.00E-04
798,799,0.0027
799,800,0
800,801,0
801,802,0
802,803,0
803,804,0.0018
804,805,9.00E-04
805,806,0
806,807,9.00E-04
807,808,9.00E-04
808,809,9.00E-04
809,810,9.00E-04
810,811,0
811,812,9.00E-04
812,813,0
813,814,9.00E-04
814,815,9.00E-04
815,816,0.0027
816,817,0.0027
817,818,9.00E-04
818,819,9.00E-04
819,820,0
820,821,0
821,822,0
822,823,0
823,824,0
824,825,0
825,826,0
826,827,9.00E-04
827,828,9.00E-04
828,829,0
829,830,0.0018
830,831,9.00E-04
831,832,0
832,833,9.00E-04
833,834,0
834,835,0.0018
835,836,0.0018
836,837,0
837,838,0
838,839,0
839,840,0
840,841,9.00E-04
841,842,0.0027
842,843,0
843,844,0
844,845,9.00E-04
845,846,0.0018
846,847,9.00E-04
847,848,0
848,849,0
849,850,0
850,851,0.0018
851,852,9.00E-04
852,853,0.0018
853,854,9.00E-04
854,855,0
855,856,9.00E-04
856,857,9.00E-04
857,858,0
858,859,9.00E-04
859,860,9.00E-04
860,861,9.00E-04
861,862,9.00E-04
862,863,0
863,864,9.00E-04
864,865,0
865,866,0
866,867,0
867,868,0
868,869,9.00E-04
869,870,0
870,871,0
871,872,0
872,873,0
873,874,9.00E-04
874,875,9.00E-04
875,876,0
876,877,0
877,878,9.00E-04
878,879,0
879,880,9.00E-04
880,881,9.00E-04
881,882,9.00E-04
882,883,0
883,884,9.00E-04
884,885,0
885,886,9.00E-04
886,887,0
887,888,0.0018
888,889,0
889,890,0
890,891,0.0018
891,892,9.00E-04
892,893,9.00E-04
893,894,0
894,895,0
895,896,9.00E-04
896,897,0
897,898,9.00E-04
898,899,0
899,900,0.0027
900,901,9.00E-04
901,902,9.00E-04
902,903,0
903,904,0.0018
904,905,9.00E-04
905,906,0
906,907,0.0018
907,908,0.0018
908,909,0
909,910,0
910,911,0
911,912,0
912,913,9.00E-04
913,914,0.0027
914,915,9.00E-04
915,916,9.00E-04
916,917,0
917,918,0
918,919,9.00E-04
919,920,0.0018
920,921,0
921,922,0.0018
922,923,9.00E-04
923,924,9.00E-04
924,925,0
925,926,0.0018
926,927,9.00E-04
927,928,9.00E-04
928,929,0
929,930,9.00E-04
930,931,9.00E-04
931,932,0
932,933,9.00E-04
933,934,0
934,935,0
935,936,0
936,937,0.0018
937,938,0.0027
938,939,0
939,940,0
940,941,0
941,942,9.00E-04
942,943,0.0018
943,944,9.00E-04
944,945,0
945,946,0
946,947,0.0018
947,948,0.0018
948,949,9.00E-04
949,950,0.0018
950,951,0
951,952,0.0027
952,953,0
953,954,0
954,955,9.00E-04
955,956,0
956,957,0
957,958,0
958,959,0
959,960,9.00E-04
960,961,0
961,962,9.00E-04
962,963,9.00E-04
963,964,9.00E-04
964,965,0
965,966,0.0018
966,967,0
967,968,9.00E-04
968,969,9.00E-04
969,970,9.00E-04
970,971,9.00E-04
971,972,0
972,973,9.00E-04
973,974,0
974,975,0
975,976,9.00E-04
976,977,9.00E-04
977,978,0
978,979,0
979,980,9.00E-04
980,981,0
981,982,9.00E-04
982,983,0
983,984,0
984,985,0
985,986,0
986,987,9.00E-04
987,988,0
988,989,0
989,990,0
990,991,0
991,992,9.00E-04
992,993,0.0018
993,994,0.0018
994,995,0
995,996,9.00E-04
996,997,0
997,998,9.00E-04
998,999,0
999,1000,0
1000,1001,0
1001,1002,9.00E-04
1002,1003,0.0027
1003,1004,0
1004,1005,9.00E-04
1005,1006,0
1006,1007,0
1007,1008,0.0018
1008,1009,0
1009,1010,0
1010,1011,0
1011,1012,9.00E-04
1012,1013,0
1013,1014,9.00E-04
1014,1015,0.0018
1015,1016,9.00E-04
1016,1017,0.0027
1017,1018,9.00E-04
1018,1019,9.00E-04
1019,1020,0.0018
1020,1021,0
1021,1022,0
1022,1023,0.0018
1023,1024,0.0018
1024,1025,9.00E-04
1025,1026,0
1026,1027,0
1027,1028,0.0018
1028,1029,0
1029,1030,0
1030,1031,9.00E-04
1031,1032,9.00E-04
1032,1033,0
1033,1034,0
1034,1035,0
1035,1036,0
1036,1037,0
1037,1038,9.00E-04
1038,1039,9.00E-04
1039,1040,9.00E-04
1040,1041,9.00E-04
1041,1042,0
1042,1043,9.00E-04
1043,1044,0
1044,1045,0
1045,1046,9.00E-04
1046,1047,9.00E-04
1047,1048,0
1048,1049,0
1049,1050,0
1050,1051,9.00E-04
1051,1052,9.00E-04
1052,1053,9.00E-04
1053,1054,0.0018
1054,1055,9.00E-04
1055,1056,0.0018
1056,1057,0
1057,1058,9.00E-04
1058,1059,0
1059,1060,0.0018
1060,1061,0
1061,1062,0
1062,1063,0
1063,1064,0
1064,1065,9.00E-04
1065,1066,0
1066,1067,0.0018
1067,1068,9.00E-04
1068,1069,9.00E-04
1069,1070,0.0018
1070,1071,0
1071,1072,0.0018
1072,1073,0.0018
1073,1074,9.00E-04
1074,1075,9.00E-04
1075,1076,0
1076,1077,0.0027
1077,1078,0
1078,1079,9.00E-04
1079,1080,0
1080,1081,9.00E-04
1081,1082,0.0045
1082,1083,9.00E-04
1083,1084,9.00E-04
1084,1085,0
1085,1086,9.00E-04
1086,1087,0
1087,1088,9.00E-04
1088,1089,9.00E-04
1089,1090,9.00E-04
1090,1091,9.00E-04
1091,1092,0
1092,1093,0
1093,1094,0
1094,1095,9.00E-04
1095,1096,9.00E-04
1096,1097,0
1097,1098,0
1098,1099,0.0027
1099,1100,9.00E-04
1100,1101,9.00E-04
1101,1102,0
1102,1103,0.0027
1103,1104,0
1104,1105,0
1105,1106,0
1106,1107,0
1107,1108,9.00E-04
1108,1109,0.0018
1109,1110,0
1110,1111,0
1111,1112,0
1112,1113,9.00E-04
1113,1114,0
1114,1115,0.0018
1115,1116,9.00E-04
1116,1117,9.00E-04
1117,1118,0.0027
1118,1119,0
1119,1120,9.00E-04
1120,1121,0
1121,1122,0
1122,1123,0
1123,1124,0
1124,1125,9.00E-04
1125,1126,0
1126,1127,0
1127,1128,9.00E-04
1128,1129,9.00E-04
1129,1130,9.00E-04
1130,1131,0
1131,1132,0
1132,1133,9.00E-04
1133,1134,0
1134,1135,0
1135,1136,0
1136,1137,9.00E-04
1137,1138,9.00E-04
1138,1139,0.0018
1139,1140,0
1140,1141,0
1141,1142,0.0018
1142,1143,0
1143,1144,0.0018
1144,1145,9.00E-04
1145,1146,0
1146,1147,0
1147,1148,9.00E-04
1148,1149,0.0018
1149,1150,9.00E-04
1150,1151,9.00E-04
1151,1152,9.00E-04
1152,1153,9.00E-04
1153,1154,0
1154,1155,0
1155,1156,0.0027
1156,1157,9.00E-04
1157,1158,0.0027
1158,1159,0
1159,1160,0
1160,1161,0.0018
1161,1162,9.00E-04
1162,1163,9.00E-04
1163,1164,9.00E-04
1164,1165,0
1165,1166,0
1166,1167,0
1167,1168,0.0018
1168,1169,9.00E-04
1169,1170,9.00E-04
1170,1171,9.00E-04
1171,1172,9.00E-04
1172,1173,9.00E-04
1173,1174,0
1174,1175,9.00E-04
1175,1176,0.0018
1176,1177,9.00E-04
1177,1178,0
1178,1179,0
1179,1180,0.0018
1180,1181,0
1181,1182,0.0027
1182,1183,0
1183,1184,0.0018
1184,1185,0
1185,1186,9.00E-04
1186,1187,9.00E-04
1187,1188,0
1188,1189,0
1189,1190,0
1190,1191,0
1191,1192,0
1192,1193,9.00E-04
1193,1194,0
1194,1195,9.00E-04
1195,1196,0
1196,1197,9.00E-04
1197,1198,0
1198,1199,9.00E-04
1199,1200,9.00E-04
1200,1201,0
1201,1202,9.00E-04
1202,1203,9.00E-04
1203,1204,9.00E-04
1204,1205,9.00E-04
1205,1206,0
1206,1207,0.0018
1207,1208,9.00E-04
1208,1209,0
1209,1210,9.00E-04
1210,1211,0
1211,1212,9.00E-04
1212,1213,9.00E-04
1213,1214,9.00E-04
1214,1215,9.00E-04
1215,1216,0.0018
1216,1217,0.0018
1217,1218,0.0027
1218,1219,9.00E-04
1219,1220,0.0018
1220,1221,0.0018
1221,1222,0
1222,1223,0
1223,1224,9.00E-04
1224,1225,0
1225,1226,0.0036
1226,1227,0.0027
1227,1228,0.0018
1228,1229,0.0018
1229,1230,9.00E-04
1230,1231,9.00E-04
1231,1232,0.0018
1232,1233,0.0018
1233,1234,0
1234,1235,0.0018
1235,1236,0.0018
1236,1237,0.0018
1237,1238,0.0027
1238,1239,0
1239,1240,0.0018
1240,1241,0
1241,1242,0.0018
1242,1243,9.00E-04
1243,1244,9.00E-04
1244,1245,0
1245,1246,0.0027
1246,1247,0.0018
1247,1248,0.0027
1248,1249,9.00E-04
1249,1250,0
1250,1251,0.0018
1251,1252,0
1252,1253,0.0018
1253,1254,0
1254,1255,9.00E-04
1255,1256,0.0018
1256,1257,0.0027
1257,1258,0
1258,1259,9.00E-04
1259,1260,0.0018
1260,1261,0.0018
1261,1262,0.0018
1262,1263,0.0018
1263,1264,9.00E-04
1264,1265,9.00E-04
1265,1266,0.0018
1266,1267,9.00E-04
1267,1268,0.0018
1268,1269,0.0027
1269,1270,0.0036
1270,1271,0.0027
1271,1272,9.00E-04
1272,1273,9.00E-04
1273,1274,0.0018
1274,1275,0.0018
1275,1276,0.0036
1276,1277,9.00E-04
1277,1278,0.0036
1278,1279,0.0027
1279,1280,0.0036
1280,1281,9.00E-04
1281,1282,0.0018
1282,1283,9.00E-04
1283,1284,0.0036
1284,1285,0.0018
1285,1286,0
1286,1287,0.0018
1287,1288,0.0018
1288,1289,0.0036
1289,1290,9.00E-04
1290,1291,0.0027
1291,1292,0.0018
1292,1293,0.0045
1293,1294,0.0027
1294,1295,0.0027
1295,1296,0.0018
1296,1297,0.0027
1297,1298,0.0036
1298,1299,0.0036
1299,1300,0
1300,1301,0.0045
1301,1302,0.0063
1302,1303,0.0099
1303,1304,0.0063
1304,1305,0.0072
1305,1306,0.0063
1306,1307,0.0054
1307,1308,0.0045
1308,1309,0.009
1309,1310,0.0054
1310,1311,0.0072
1311,1312,0.009
1312,1313,0.0072
1313,1314,0.0072
1314,1315,0.009
1315,1316,0.0036
1316,1317,0.0108
1317,1318,0.0045
1318,1319,0.0054
1319,1320,0.0135
1320,1321,0.0027
1321,1322,0.0081
1322,1323,0.0072
1323,1324,0.009
1324,1325,0.0117
1325,1326,0.0081
1326,1327,0.0108
1327,1328,0.0162
1328,1329,0.0144
1329,1330,0.0144
1330,1331,0.0108
1331,1332,0.0126
1332,1333,0.0108
1333,1334,0.0153
1334,1335,0.0153
1335,1336,0.0108
1336,1337,0.0144
1337,1338,0.0081
1338,1339,0.0126
1339,1340,0.0135
1340,1341,0.0171
1341,1342,0.0207
1342,1343,0.0162
1343,1344,0.0126
1344,1345,0.0234
1345,1346,0.0171
1346,1347,0.0207
1347,1348,0.0153
1348,1349,0.0153
1349,1350,0.0207
1350,1351,0.0144
1351,1352,0.0234
1352,1353,0.018
1353,1354,0.018
1354,1355,0.0153
1355,1356,0.0189
1356,1357,0.0234
1357,1358,0.0324
1358,1359,0.0225
1359,1360,0.0189
1360,1361,0.0153
1361,1362,0.0153
1362,1363,0.0306
1363,1364,0.0252
1364,1365,0.0153
1365,1366,0.0243
1366,1367,0.0252
1367,1368,0.0261
1368,1369,0.0189
1369,1370,0.0261
1370,1371,0.0288
1371,1372,0.0153
1372,1373,0.0288
1373,1374,0.0261
1374,1375,0.0261
1375,1376,0.0279
1376,1377,0.0225
1377,1378,0.0405
1378,1379,0.0288
1379,1380,0.0351
1380,1381,0.0342
1381,1382,0.0369
1382,1383,0.0279
1383,1384,0.027
1384,1385,0.0333
1385,1386,0.0279
1386,1387,0.0351
1387,1388,0.0405
1388,1389,0.0369
1389,1390,0.045
1390,1391,0.0531
1391,1392,0.0432
1392,1393,0.0513
1393,1394,0.0414
1394,1395,0.045
1395,1396,0.0414
1396,1397,0.0432
1397,1398,0.045
1398,1399,0.0441
1399,1400,0.0396
1400,1401,0.0495
1401,1402,0.0486
1402,1403,0.0342
1403,1404,0.0396
1404,1405,0.0315
1405,1406,0.0549
1406,1407,0.0387
1407,1408,0.0414
1408,1409,0.0477
1409,1410,0.0531
1410,1411,0.036
1411,1412,0.0504
1412,1413,0.0405
1413,1414,0.0702
1414,1415,0.0495
1415,1416,0.0495
1416,1417,0.0585
1417,1418,0.0504
1418,1419,0.045
1419,1420,0.0477
1420,1421,0.0558
1421,1422,0.0477
1422,1423,0.0558
1423,1424,0.0459
1424,1425,0.0549
1425,1426,0.045
1426,1427,0.0414
1427,1428,0.0693
1428,1429,0.0495
1429,1430,0.0432
1430,1431,0.0513
1431,1432,0.063
1432,1433,0.0477
1433,1434,0.0477
1434,1435,0.0594
1435,1436,0.0486
1436,1437,0.0576
1437,1438,0.0567
1438,1439,0.0594
1439,1440,0.0504
1440,1441,0.0639
1441,1442,0.0522
1442,1443,0.0513
1443,1444,0.0522
1444,1445,0.0603
1445,1446,0.0477
1446,1447,0.0693
1447,1448,0.0639
1448,1449,0.0693
1449,1450,0.0675
1450,1451,0.0603
1451,1452,0.0639
1452,1453,0.0729
1453,1454,0.0738
1454,1455,0.0648
1455,1456,0.0684
1456,1457,0.072
1457,1458,0.054
1458,1459,0.0747
1459,1460,0.0801
1460,1461,0.0783
1461,1462,0.0783
1462,1463,0.0774
1463,1464,0.0909
1464,1465,0.0657
1465,1466,0.0819
1466,1467,0.0783
1467,1468,0.0603
1468,1469,0.0774
1469,1470,0.0792
1470,1471,0.0945
1471,1472,0.0729
1472,1473,0.1008
1473,1474,0.0747
1474,1475,0.0828
1475,1476,0.0927
1476,1477,0.0774
1477,1478,0.0693
1478,1479,0.0837
1479,1480,0.1035
1480,1481,0.0882
1481,1482,0.1134
1482,1483,0.0909
1483,1484,0.1188
1484,1485,0.1017
1485,1486,0.1044
1486,1487,0.09
1487,1488,0.0882
1488,1489,0.0882
1489,1490,0.1071
1490,1491,0.1008
1491,1492,0.0855
1492,1493,0.108
1493,1494,0.0963
1494,1495,0.0999
1495,1496,0.1017
1496,1497,0.0936
1497,1498,0.0972
1498,1499,0.0783
1499,1500,0.0891
1500,1501,0.0972
1501,1502,0.0963
1502,1503,0.1107
1503,1504,0.0882
1504,1505,0.0945
1505,1506,0.1107
1506,1507,0.0963
1507,1508,0.0891
1508,1509,0.1053
1509,1510,0.1098
1510,1511,0.1107
1511,1512,0.1017
1512,1513,0.1053
1513,1514,0.1116
1514,1515,0.1098
1515,1516,0.1044
1516,1517,0.0981
1517,1518,0.0963
1518,1519,0.1116
1519,1520,0.0981
1520,1521,0.0927
1521,1522,0.1125
1522,1523,0.1395
1523,1524,0.099
1524,1525,0.1251
1525,1526,0.1224
1526,1527,0.108
1527,1528,0.1341
1528,1529,0.1026
1529,1530,0.1233
1530,1531,0.1089
1531,1532,0.1197
1532,1533,0.1242
1533,1534,0.1296
1534,1535,0.1431
1535,1536,0.1413
1536,1537,0.1161
1537,1538,0.144
1538,1539,0.1161
1539,1540,0.1161
1540,1541,0.1449
1541,1542,0.1404
1542,1543,0.1287
1543,1544,0.1215
1544,1545,0.1161
1545,1546,0.1332
1546,1547,0.1467
1547,1548,0.1305
1548,1549,0.1593
1549,1550,0.1638
1550,1551,0.1458
1551,1552,0.1485
1552,1553,0.1404
1553,1554,0.1422
1554,1555,0.1422
1555,1556,0.1377
1556,1557,0.1611
1557,1558,0.1458
1558,1559,0.153
1559,1560,0.1422
1560,1561,0.1683
1561,1562,0.171
1562,1563,0.1773
1563,1564,0.1755
1564,1565,0.1575
1565,1566,0.1377
1566,1567,0.1629
1567,1568,0.171
1568,1569,0.2079
1569,1570,0.1737
1570,1571,0.1836
1571,1572,0.1818
1572,1573,0.2025
1573,1574,0.1962
1574,1575,0.1602
1575,1576,0.1935
1576,1577,0.1701
1577,1578,0.1836
1578,1579,0.171
1579,1580,0.171
1580,1581,0.2088
1581,1582,0.1845
1582,1583,0.2214
1583,1584,0.2061
1584,1585,0.1926
1585,1586,0.2142
1586,1587,0.2088
1587,1588,0.1881
1588,1589,0.2133
1589,1590,0.1908
1590,1591,0.2079
1591,1592,0.2007
1592,1593,0.2052
1593,1594,0.2025
1594,1595,0.2016
1595,1596,0.2169
1596,1597,0.2367
1597,1598,0.2043
1598,1599,0.2205
1599,1600,0.2259
1600,1601,0.2268
1601,1602,0.2277
1602,1603,0.2151
1603,1604,0.2214
1604,1605,0.2205
1605,1606,0.2124
1606,1607,0.2106
1607,1608,0.2421
1608,1609,0.2286
1609,1610,0.2241
1610,1611,0.2601
1611,1612,0.2493
1612,1613,0.2448
1613,1614,0.243
1614,1615,0.2484
1615,1616,0.2322
1616,1617,0.2367
1617,1618,0.2466
1618,1619,0.2367
1619,1620,0.2592
1620,1621,0.2628
1621,1622,0.2358
1622,1623,0.2403
1623,1624,0.252
1624,1625,0.2502
1625,1626,0.2529
1626,1627,0.2448
1627,1628,0.2826
1628,1629,0.2385
1629,1630,0.2475
1630,1631,0.2547
1631,1632,0.2808
1632,1633,0.2601
1633,1634,0.2628
1634,1635,0.2988
1635,1636,0.2862
1636,1637,0.2961
1637,1638,0.2628
1638,1639,0.2547
1639,1640,0.2907
1640,1641,0.2736
1641,1642,0.2961
1642,1643,0.288
1643,1644,0.2772
1644,1645,0.2646
1645,1646,0.2808
1646,1647,0.3465
1647,1648,0.3105
1648,1649,0.3042
1649,1650,0.3132
1650,1651,0.3159
1651,1652,0.3294
1652,1653,0.2988
1653,1654,0.3177
1654,1655,0.3384
1655,1656,0.3465
1656,1657,0.3276
1657,1658,0.3645
1658,1659,0.3312
1659,1660,0.3204
1660,1661,0.3429
1661,1662,0.3303
1662,1663,0.3384
1663,1664,0.3204
1664,1665,0.3375
1665,1666,0.3159
1666,1667,0.3276
1667,1668,0.3375
1668,1669,0.3519
1669,1670,0.3312
1670,1671,0.3672
1671,1672,0.3519
1672,1673,0.3933
1673,1674,0.3807
1674,1675,0.3978
1675,1676,0.3546
1676,1677,0.3708
1677,1678,0.3672
1678,1679,0.3483
1679,1680,0.396
1680,1681,0.4023
1681,1682,0.4356
1682,1683,0.3762
1683,1684,0.4176
1684,1685,0.4248
1685,1686,0.4104
1686,1687,0.3969
1687,1688,0.3789
1688,1689,0.3897
1689,1690,0.3861
1690,1691,0.4068
1691,1692,0.3969
1692,1693,0.3933
1693,1694,0.3978
1694,1695,0.414
1695,1696,0.4158
1696,1697,0.3735
1697,1698,0.4077
1698,1699,0.4338
1699,1700,0.4068
1700,1701,0.3942
1701,1702,0.3978
1702,1703,0.3924
1703,1704,0.4095
1704,1705,0.4257
1705,1706,0.4365
1706,1707,0.4284
1707,1708,0.4158
1708,1709,0.441
1709,1710,0.4158
1710,1711,0.4302
1711,1712,0.4275
1712,1713,0.4293
1713,1714,0.3915
1714,1715,0.3924
1715,1716,0.4275
1716,1717,0.423
1717,1718,0.4401
1718,1719,0.4536
1719,1720,0.4716
1720,1721,0.5076
1721,1722,0.4914
1722,1723,0.4734
1723,1724,0.4653
1724,1725,0.4986
1725,1726,0.5049
1726,1727,0.4608
1727,1728,0.4932
1728,1729,0.4716
1729,1730,0.45
1730,1731,0.477
1731,1732,0.5094
1732,1733,0.4806
1733,1734,0.4869
1734,1735,0.4887
1735,1736,0.468
1736,1737,0.4635
1737,1738,0.4905
1738,1739,0.4842
1739,1740,0.5031
1740,1741,0.4923
1741,1742,0.5022
1742,1743,0.4977
1743,1744,0.4761
1744,1745,0.5067
1745,1746,0.504
1746,1747,0.5274
1747,1748,0.4779
1748,1749,0.5175
1749,1750,0.4869
1750,1751,0.4617
1751,1752,0.4383
1752,1753,0.4725
1753,1754,0.4896
1754,1755,0.4365
1755,1756,0.5058
1756,1757,0.531
1757,1758,0.4797
1758,1759,0.4563
1759,1760,0.4779
1760,1761,0.477
1761,1762,0.4725
1762,1763,0.4725
1763,1764,0.4635
1764,1765,0.4608
1765,1766,0.4698
1766,1767,0.4392
1767,1768,0.468
1768,1769,0.4977
1769,1770,0.4446
1770,1771,0.4608
1771,1772,0.4374
1772,1773,0.4689
1773,1774,0.4068
1774,1775,0.4491
1775,1776,0.4311
1776,1777,0.4284
1777,1778,0.4275
1778,1779,0.4446
1779,1780,0.4644
1780,1781,0.4617
1781,1782,0.4356
1782,1783,0.4896
1783,1784,0.4248
1784,1785,0.468
1785,1786,0.4887
1786,1787,0.432
1787,1788,0.4545
1788,1789,0.4572
1789,1790,0.4428
1790,1791,0.4374
1791,1792,0.4842
1792,1793,0.5553
1793,1794,0.5067
1794,1795,0.4581
1795,1796,0.4734
1796,1797,0.4941
1797,1798,0.5112
1798,1799,0.5004
1799,1800,0.4941
1800,1801,0.5139
1801,1802,0.4887
1802,1803,0.477
1803,1804,0.522
1804,1805,0.5301
1805,1806,0.522
1806,1807,0.5103
1807,1808,0.5787
1808,1809,0.5247
1809,1810,0.5454
1810,1811,0.5229
1811,1812,0.5364
1812,1813,0.5355
1813,1814,0.4878
1814,1815,0.5121
1815,1816,0.5328
1816,1817,0.5751
1817,1818,0.5337
1818,1819,0.576
1819,1820,0.5085
1820,1821,0.4554
1821,1822,0.5265
1822,1823,0.4968
1823,1824,0.5211
1824,1825,0.486
1825,1826,0.5211
1826,1827,0.5049
1827,1828,0.5148
1828,1829,0.5049
1829,1830,0.5589
1830,1831,0.5175
1831,1832,0.549
1832,1833,0.5634
1833,1834,0.5751
1834,1835,0.5355
1835,1836,0.5301
1836,1837,0.5508
1837,1838,0.4995
1838,1839,0.5508
1839,1840,0.567
1840,1841,0.6012
1841,1842,0.558
1842,1843,0.5481
1843,1844,0.5715
1844,1845,0.5913
1845,1846,0.5985
1846,1847,0.5967
1847,1848,0.5922
1848,1849,0.5697
1849,1850,0.5652
1850,1851,0.6111
1851,1852,0.6021
1852,1853,0.6417
1853,1854,0.6228
1854,1855,0.6156
1855,1856,0.5787
1856,1857,0.6093
1857,1858,0.6327
1858,1859,0.6201
1859,1860,0.5634
1860,1861,0.5877
1861,1862,0.63
1862,1863,0.585
1863,1864,0.612
1864,1865,0.5769
1865,1866,0.6345
1866,1867,0.6516
1867,1868,0.6804
1868,1869,0.6093
1869,1870,0.6255
1870,1871,0.5832
1871,1872,0.576
1872,1873,0.6354
1873,1874,0.6282
1874,1875,0.6354
1875,1876,0.6624
1876,1877,0.6201
1877,1878,0.6498
1878,1879,0.6327
1879,1880,0.6066
1880,1881,0.6759
1881,1882,0.648
1882,1883,0.6471
1883,1884,0.5976
1884,1885,0.6327
1885,1886,0.6219
1886,1887,0.6714
1887,1888,0.666
1888,1889,0.693
1889,1890,0.639
1890,1891,0.6354
1891,1892,0.6615
1892,1893,0.7146
1893,1894,0.5967
1894,1895,0.6552
1895,1896,0.6687
1896,1897,0.6849
1897,1898,0.6948
1898,1899,0.6885
1899,1900,0.6345
1900,1901,0.6624
1901,1902,0.6642
1902,1903,0.6759
1903,1904,0.7101
1904,1905,0.6768
1905,1906,0.6921
1906,1907,0.6759
1907,1908,0.63
1908,1909,0.6813
1909,1910,0.702
1910,1911,0.63
1911,1912,0.7416
1912,1913,0.6885
1913,1914,0.7056
1914,1915,0.6813
1915,1916,0.72
1916,1917,0.7236
1917,1918,0.7254
1918,1919,0.7191
1919,1920,0.6984
1920,1921,0.6993
1921,1922,0.7056
1922,1923,0.6633
1923,1924,0.7092
1924,1925,0.6984
1925,1926,0.7389
1926,1927,0.7461
1927,1928,0.7551
1928,1929,0.7416
1929,1930,0.7866
1930,1931,0.7155
1931,1932,0.7533
1932,1933,0.7245
1933,1934,0.7389
1934,1935,0.7731
1935,1936,0.7119
1936,1937,0.7254
1937,1938,0.7461
1938,1939,0.7974
1939,1940,0.8136
1940,1941,0.7947
1941,1942,0.783
1942,1943,0.738
1943,1944,0.7524
1944,1945,0.7146
1945,1946,0.7551
1946,1947,0.7515
1947,1948,0.7299
1948,1949,0.7506
1949,1950,0.7785
1950,1951,0.7965
1951,1952,0.837
1952,1953,0.7623
1953,1954,0.7929
1954,1955,0.8235
1955,1956,0.7875
1956,1957,0.7821
1957,1958,0.8019
1958,1959,0.7731
1959,1960,0.7677
1960,1961,0.8235
1961,1962,0.7938
1962,1963,0.8496
1963,1964,0.846
1964,1965,0.8487
1965,1966,0.8604
1966,1967,0.8829
1967,1968,0.8514
1968,1969,0.8604
1969,1970,0.8145
1970,1971,0.837
1971,1972,0.7884
1972,1973,0.8136
1973,1974,0.8487
1974,1975,0.8838
1975,1976,0.9522
1976,1977,0.9054
1977,1978,0.8559
1978,1979,0.8334
1979,1980,0.8667
1980,1981,0.8028
1981,1982,0.8073
1982,1983,0.8208
1983,1984,0.8271
1984,1985,0.8244
1985,1986,0.8307
1986,1987,0.8676
1987,1988,0.9396
1988,1989,0.9405
1989,1990,0.9414
1990,1991,0.8991
1991,1992,0.8703
1992,1993,0.9045
1993,1994,0.8703
1994,1995,0.7893
1995,1996,0.8694
1996,1997,0.81
1997,1998,0.8316
1998,1999,0.8208
1999,2000,0.8874
2000,2001,0.8586
2001,2002,0.8703
2002,2003,0.783
2003,2004,0.7956
2004,2005,0.8586
2005,2006,0.747
2006,2007,0.7938
2007,2008,0.8037
2008,2009,0.7911
2009,2010,0.7893
2010,2011,0.7821
2011,2012,0.8451
2012,2013,0.8217
2013,2014,0.8199
2014,2015,0.7902
2015,2016,0.8244
2016,2017,0.7344
2017,2018,0.7497
2018,2019,0.7596
2019,2020,0.7245
2020,2021,0.639
2021,2022,0.7569
2022,2023,0.7407
2023,2024,0.7749
2024,2025,0.7587
2025,2026,0.7848
2026,2027,0.7551
2027,2028,0.7866
2028,2029,0.7074
2029,2030,0.7101
2030,2031,0.7263
2031,2032,0.6408
2032,2033,0.6894
2033,2034,0.6561
2034,2035,0.6786
2035,2036,0.6714
2036,2037,0.6984
2037,2038,0.711
2038,2039,0.6732
2039,2040,0.6813
2040,2041,0.6615
2041,2042,0.6885
2042,2043,0.603
2043,2044,0.6048
2044,2045,0.6111
2045,2046,0.6318
2046,2047,0.6156
2047,2048,0.6714
2048,2049,0.6822
2049,2050,0.6912
2050,2051,0.6966
2051,2052,0.6192
2052,2053,0.6669
2053,2054,0.6372
2054,2055,0.6426
2055,2056,0.6615
2056,2057,0.63
2057,2058,0.6453
2058,2059,0.5913
2059,2060,0.6669
2060,2061,0.6957
2061,2062,0.6777
2062,2063,0.6624
2063,2064,0.6318
2064,2065,0.6228
2065,2066,0.6426
2066,2067,0.6183
2067,2068,0.6291
2068,2069,0.558
2069,2070,0.6129
2070,2071,0.6075
2071,2072,0.6417
2072,2073,0.6264
2073,2074,0.5688
2074,2075,0.6327
2075,2076,0.6012
2076,2077,0.5895
2077,2078,0.5877
2078,2079,0.5967
2079,2080,0.5571
2080,2081,0.5346
2081,2082,0.5499
2082,2083,0.5589
2083,2084,0.5787
2084,2085,0.5643
2085,2086,0.5517
2086,2087,0.5823
2087,2088,0.5805
2088,2089,0.5661
2089,2090,0.5949
2090,2091,0.5643
2091,2092,0.5166
2092,2093,0.5013
2093,2094,0.5292
2094,2095,0.5238
2095,2096,0.5283
2096,2097,0.5364
2097,2098,0.5571
2098,2099,0.5535
2099,2100,0.5652
2100,2101,0.5868
2101,2102,0.5364
2102,2103,0.5472
2103,2104,0.5364
2104,2105,0.5292
2105,2106,0.5463
2106,2107,0.5391
2107,2108,0.612
2108,2109,0.6462
2109,2110,0.5742
2110,2111,0.6426
2111,2112,0.621
2112,2113,0.5724
2113,2114,0.4806
2114,2115,0.5526
2115,2116,0.5328
2116,2117,0.4851
2117,2118,0.4977
2118,2119,0.4554
2119,2120,0.5085
2120,2121,0.5004
2121,2122,0.4788
2122,2123,0.5049
2123,2124,0.468
2124,2125,0.4671
2125,2126,0.4878
2126,2127,0.4707
2127,2128,0.4734
2128,2129,0.4662
2129,2130,0.4689
2130,2131,0.4428
2131,2132,0.4554
2132,2133,0.4743
2133,2134,0.4626
2134,2135,0.4518
2135,2136,0.4662
2136,2137,0.459
2137,2138,0.4149
2138,2139,0.405
2139,2140,0.4194
2140,2141,0.4077
2141,2142,0.3933
2142,2143,0.3969
2143,2144,0.441
2144,2145,0.4482
2145,2146,0.4401
2146,2147,0.396
2147,2148,0.3906
2148,2149,0.4284
2149,2150,0.4149
2150,2151,0.4338
2151,2152,0.4041
2152,2153,0.3987
2153,2154,0.3672
2154,2155,0.423
2155,2156,0.369
2156,2157,0.405
2157,2158,0.4203
2158,2159,0.4329
2159,2160,0.3852
2160,2161,0.4041
2161,2162,0.4014
2162,2163,0.3708
2163,2164,0.3744
2164,2165,0.3708
2165,2166,0.342
2166,2167,0.3555
2167,2168,0.3411
2168,2169,0.3636
2169,2170,0.3654
2170,2171,0.3627
2171,2172,0.3465
2172,2173,0.3699
2173,2174,0.3618
2174,2175,0.3564
2175,2176,0.3465
2176,2177,0.3501
2177,2178,0.3186
2178,2179,0.333
2179,2180,0.3681
2180,2181,0.3033
2181,2182,0.3276
2182,2183,0.3672
2183,2184,0.3429
2184,2185,0.3375
2185,2186,0.3123
2186,2187,0.3321
2187,2188,0.3186
2188,2189,0.3375
2189,2190,0.3195
2190,2191,0.3231
2191,2192,0.3222
2192,2193,0.3087
2193,2194,0.3501
2194,2195,0.2835
2195,2196,0.3078
2196,2197,0.2934
2197,2198,0.3294
2198,2199,0.324
2199,2200,0.2952
2200,2201,0.3006
2201,2202,0.3033
2202,2203,0.3078
2203,2204,0.2709
2204,2205,0.2862
2205,2206,0.2772
2206,2207,0.279
2207,2208,0.2718
2208,2209,0.2952
2209,2210,0.243
2210,2211,0.261
2211,2212,0.2763
2212,2213,0.2412
2213,2214,0.2718
2214,2215,0.2331
2215,2216,0.2547
2216,2217,0.243
2217,2218,0.225
2218,2219,0.2718
2219,2220,0.2403
2220,2221,0.2079
2221,2222,0.2349
2222,2223,0.2457
2223,2224,0.2259
2224,2225,0.2277
2225,2226,0.2295
2226,2227,0.2331
2227,2228,0.2106
2228,2229,0.225
2229,2230,0.2214
2230,2231,0.2142
2231,2232,0.1872
2232,2233,0.2538
2233,2234,0.243
2234,2235,0.2232
2235,2236,0.2088
2236,2237,0.2421
2237,2238,0.1953
2238,2239,0.2025
2239,2240,0.1926
2240,2241,0.225
2241,2242,0.189
2242,2243,0.2205
2243,2244,0.1935
2244,2245,0.2295
2245,2246,0.225
2246,2247,0.2133
2247,2248,0.2088
2248,2249,0.1935
2249,2250,0.1746
2250,2251,0.1962
2251,2252,0.2025
2252,2253,0.1863
2253,2254,0.1845
2254,2255,0.171
2255,2256,0.1845
2256,2257,0.2052
2257,2258,0.198
2258,2259,0.1872
2259,2260,0.171
2260,2261,0.1935
2261,2262,0.1872
2262,2263,0.189
2263,2264,0.1917
2264,2265,0.1692
2265,2266,0.1629
2266,2267,0.1773
2267,2268,0.1611
2268,2269,0.1647
2269,2270,0.1548
2270,2271,0.1494
2271,2272,0.1683
2272,2273,0.1665
2273,2274,0.1521
2274,2275,0.1728
2275,2276,0.1521
2276,2277,0.153
2277,2278,0.162
2278,2279,0.1647
2279,2280,0.1278
2280,2281,0.153
2281,2282,0.1494
2282,2283,0.1314
2283,2284,0.1476
2284,2285,0.1809
2285,2286,0.1422
2286,2287,0.1449
2287,2288,0.1296
2288,2289,0.1359
2289,2290,0.1422
2290,2291,0.1359
2291,2292,0.1215
2292,2293,0.1458
2293,2294,0.1134
2294,2295,0.1152
2295,2296,0.1287
2296,2297,0.1449
2297,2298,0.1242
2298,2299,0.1044
2299,2300,0.1377
2300,2301,0.1422
2301,2302,0.1539
2302,2303,0.1323
2303,2304,0.1503
2304,2305,0.1098
2305,2306,0.1341
2306,2307,0.1224
2307,2308,0.1134
2308,2309,0.135
2309,2310,0.1503
2310,2311,0.1413
2311,2312,0.1287
2312,2313,0.126
2313,2314,0.1305
2314,2315,0.1224
2315,2316,0.126
2316,2317,0.1242
2317,2318,0.117
2318,2319,0.1143
2319,2320,0.1125
2320,2321,0.1179
2321,2322,0.1305
2322,2323,0.1116
2323,2324,0.0972
2324,2325,0.1116
2325,2326,0.1107
2326,2327,0.1116
2327,2328,0.1098
2328,2329,0.0864
2329,2330,0.1188
2330,2331,0.1152
2331,2332,0.1161
2332,2333,0.1197
2333,2334,0.1125
2334,2335,0.117
2335,2336,0.117
2336,2337,0.0981
2337,2338,0.1044
2338,2339,0.1134
2339,2340,0.1215
2340,2341,0.0846
2341,2342,0.1089
2342,2343,0.1305
2343,2344,0.1035
2344,2345,0.1341
2345,2346,0.117
2346,2347,0.1107
2347,2348,0.1071
2348,2349,0.1152
2349,2350,0.1206
2350,2351,0.1161
2351,2352,0.126
2352,2353,0.1071
2353,2354,0.1233
2354,2355,0.1278
2355,2356,0.1044
2356,2357,0.1017
2357,2358,0.1017
2358,2359,0.1215
2359,2360,0.108
2360,2361,0.1152
2361,2362,0.1314
2362,2363,0.1188
2363,2364,0.1314
2364,2365,0.1152
2365,2366,0.1305
2366,2367,0.0936
2367,2368,0.1062
2368,2369,0.117
2369,2370,0.1341
2370,2371,0.1152
2371,2372,0.1017
2372,2373,0.1179
2373,2374,0.1116
2374,2375,0.1161
2375,2376,0.1179
2376,2377,0.1116
2377,2378,0.1152
2378,2379,0.0972
2379,2380,0.1017
2380,2381,0.0963
2381,2382,0.1017
2382,2383,0.1053
2383,2384,0.126
2384,2385,0.1008
2385,2386,0.09
2386,2387,0.0972
2387,2388,0.0909
2388,2389,0.1044
2389,2390,0.1233
2390,2391,0.1188
2391,2392,0.0981
2392,2393,0.0936
2393,2394,0.0981
2394,2395,0.099
2395,2396,0.126
2396,2397,0.1053
2397,2398,0.099
2398,2399,0.1062
2399,2400,0.1188
2400,2401,0.1179
2401,2402,0.1152
2402,2403,0.1179
2403,2404,0.0963
2404,2405,0.1017
2405,2406,0.108
2406,2407,0.1089
2407,2408,0.1134
2408,2409,0.1233
2409,2410,0.1188
2410,2411,0.1269
2411,2412,0.1413
2412,2413,0.1116
2413,2414,0.1251
2414,2415,0.1008
2415,2416,0.1143
2416,2417,0.1305
2417,2418,0.1278
2418,2419,0.1035
2419,2420,0.1224
2420,2421,0.1116
2421,2422,0.1305
2422,2423,0.1116
2423,2424,0.1098
2424,2425,0.1143
2425,2426,0.1251
2426,2427,0.1179
2427,2428,0.1215
2428,2429,0.1287
2429,2430,0.144
2430,2431,0.1359
2431,2432,0.117
2432,2433,0.1431
2433,2434,0.1233
2434,2435,0.1359
2435,2436,0.1296
2436,2437,0.117
2437,2438,0.1296
2438,2439,0.1215
2439,2440,0.1107
2440,2441,0.1107
2441,2442,0.1413
2442,2443,0.1215
2443,2444,0.1314
2444,2445,0.1098
2445,2446,0.1449
2446,2447,0.1251
2447,2448,0.1422
2448,2449,0.135
2449,2450,0.126
2450,2451,0.1386
2451,2452,0.1332
2452,2453,0.1305
2453,2454,0.1422
2454,2455,0.1341
2455,2456,0.135
2456,2457,0.1332
2457,2458,0.1449
2458,2459,0.1233
2459,2460,0.1296
2460,2461,0.1494
2461,2462,0.162
2462,2463,0.1197
2463,2464,0.1485
2464,2465,0.1602
2465,2466,0.1539
2466,2467,0.1476
2467,2468,0.1548
2468,2469,0.1584
2469,2470,0.1593
2470,2471,0.1512
2471,2472,0.144
2472,2473,0.1521
2473,2474,0.1539
2474,2475,0.1656
2475,2476,0.1458
2476,2477,0.1692
2477,2478,0.1755
2478,2479,0.1593
2479,2480,0.1575
2480,2481,0.18
2481,2482,0.1773
2482,2483,0.1764
2483,2484,0.1899
2484,2485,0.1575
2485,2486,0.1692
2486,2487,0.1782
2487,2488,0.1854
2488,2489,0.2007
2489,2490,0.1944
2490,2491,0.1665
2491,2492,0.1962
2492,2493,0.1899
2493,2494,0.2133
2494,2495,0.2124
2495,2496,0.2052
2496,2497,0.1989
2497,2498,0.2124
2498,2499,0.2025
2499,2500,0.2196
2500,2501,0.2088
2501,2502,0.2187
2502,2503,0.2178
2503,2504,0.2151
2504,2505,0.2142
2505,2506,0.2214
2506,2507,0.2277
2507,2508,0.2484
2508,2509,0.2232
2509,2510,0.2268
2510,2511,0.2331
2511,2512,0.2214
2512,2513,0.2646
2513,2514,0.2556
2514,2515,0.2394
2515,2516,0.2583
2516,2517,0.2646
2517,2518,0.2601
2518,2519,0.2313
2519,2520,0.2529
2520,2521,0.2556
2521,2522,0.2952
2522,2523,0.3069
2523,2524,0.2862
2524,2525,0.2745
2525,2526,0.2736
2526,2527,0.2871
2527,2528,0.2844
2528,2529,0.2952
2529,2530,0.2799
2530,2531,0.3024
2531,2532,0.3033
2532,2533,0.3051
2533,2534,0.2655
2534,2535,0.2745
2535,2536,0.3006
2536,2537,0.306
2537,2538,0.2826
2538,2539,0.3123
2539,2540,0.2808
2540,2541,0.2934
2541,2542,0.3042
2542,2543,0.315
2543,2544,0.2907
2544,2545,0.2844
2545,2546,0.3051
2546,2547,0.2988
2547,2548,0.3384
2548,2549,0.3582
2549,2550,0.2844
2550,2551,0.2898
2551,2552,0.3267
2552,2553,0.3546
2553,2554,0.3375
2554,2555,0.3276
2555,2556,0.3168
2556,2557,0.3303
2557,2558,0.3213
2558,2559,0.3474
2559,2560,0.3213
2560,2561,0.3483
2561,2562,0.3438
2562,2563,0.351
2563,2564,0.3033
2564,2565,0.3132
2565,2566,0.3015
2566,2567,0.3411
2567,2568,0.3438
2568,2569,0.3267
2569,2570,0.3528
2570,2571,0.3474
2571,2572,0.3573
2572,2573,0.3591
2573,2574,0.387
2574,2575,0.3681
2575,2576,0.3978
2576,2577,0.3816
2577,2578,0.3888
2578,2579,0.3573
2579,2580,0.4014
2580,2581,0.3897
2581,2582,0.3906
2582,2583,0.3888
2583,2584,0.3942
2584,2585,0.4194
2585,2586,0.396
2586,2587,0.4428
2587,2588,0.4374
2588,2589,0.4239
2589,2590,0.4392
2590,2591,0.4356
2591,2592,0.4365
2592,2593,0.4221
2593,2594,0.4572
2594,2595,0.4068
2595,2596,0.4788
2596,2597,0.4473
2597,2598,0.4527
2598,2599,0.4941
2599,2600,0.4833
2600,2601,0.4671
2601,2602,0.4968
2602,2603,0.4734
2603,2604,0.486
2604,2605,0.4941
2605,2606,0.459
2606,2607,0.4644
2607,2608,0.4824
2608,2609,0.5013
2609,2610,0.5553
2610,2611,0.5499
2611,2612,0.5571
2612,2613,0.549
2613,2614,0.5337
2614,2615,0.54
2615,2616,0.54
2616,2617,0.5364
2617,2618,0.5202
2618,2619,0.5661
2619,2620,0.567
2620,2621,0.612
2621,2622,0.5733
2622,2623,0.63
2623,2624,0.6381
2624,2625,0.5571
2625,2626,0.6003
2626,2627,0.6066
2627,2628,0.6381
2628,2629,0.6318
2629,2630,0.621
2630,2631,0.6102
2631,2632,0.6147
2632,2633,0.6849
2633,2634,0.6795
2634,2635,0.6795
2635,2636,0.7056
2636,2637,0.7281
2637,2638,0.7092
2638,2639,0.7182
2639,2640,0.6849
2640,2641,0.6786
2641,2642,0.7236
2642,2643,0.6705
2643,2644,0.729
2644,2645,0.7308
2645,2646,0.7578
2646,2647,0.8082
2647,2648,0.7488
2648,2649,0.7551
2649,2650,0.792
2650,2651,0.7074
2651,2652,0.7587
2652,2653,0.7173
2653,2654,0.7596
2654,2655,0.7146
2655,2656,0.7434
2656,2657,0.7695
2657,2658,0.7632
2658,2659,0.8613
2659,2660,0.8946
2660,2661,0.9711
2661,2662,0.9144
2662,2663,0.8802
2663,2664,0.8253
2664,2665,0.8262
2665,2666,0.8559
2666,2667,0.7956
2667,2668,0.8631
2668,2669,0.8829
2669,2670,0.8631
2670,2671,0.9018
2671,2672,0.9036
2672,2673,0.972
2673,2674,0.9468
2674,2675,0.9018
2675,2676,0.8865
2676,2677,0.9045
2677,2678,0.9117
2678,2679,0.8919
2679,2680,0.8586
2680,2681,0.8658
2681,2682,0.9468
2682,2683,0.8811
2683,2684,0.9864
2684,2685,0.9837
2685,2686,0.8865
2686,2687,0.9531
2687,2688,0.9864
2688,2689,0.8712
2689,2690,0.9468
2690,2691,0.8919
2691,2692,0.9225
2692,2693,0.9576
2693,2694,0.9576
2694,2695,0.9387
2695,2696,1.0512
2696,2697,1.0476
2697,2698,1.0404
2698,2699,1.035
2699,2700,1.0458
2700,2701,0.9801
2701,2702,0.9297
2702,2703,1.0296
2703,2704,1.0296
2704,2705,1.0458
2705,2706,1.053
2706,2707,1.0935
2707,2708,1.0674
2708,2709,1.062
2709,2710,1.0728
2710,2711,1.0647
2711,2712,1.0656
2712,2713,1.0611
2713,2714,1.0656
2714,2715,1.0665
2715,2716,1.0557
2716,2717,1.1196
2717,2718,1.0656
2718,2719,1.08
2719,2720,1.107
2720,2721,1.1655
2721,2722,1.1628
2722,2723,1.17
2723,2724,1.1799
2724,2725,1.1169
2725,2726,1.1475
2726,2727,1.1727
2727,2728,1.1637
2728,2729,1.2078
2729,2730,1.2069
2730,2731,1.1637
2731,2732,1.1763
2732,2733,1.2591
2733,2734,1.2591
2734,2735,1.2159
2735,2736,1.2744
2736,2737,1.1493
2737,2738,1.1367
2738,2739,1.1628
2739,2740,1.1916
2740,2741,1.2348
2741,2742,1.1304
2742,2743,1.2096
2743,2744,1.2573
2744,2745,1.2141
2745,2746,1.2771
2746,2747,1.269
2747,2748,1.3023
2748,2749,1.2456
2749,2750,1.2222
2750,2751,1.2285
2751,2752,1.2285
2752,2753,1.2213
2753,2754,1.1826
2754,2755,1.2816
2755,2756,1.341
2756,2757,1.3203
2757,2758,1.3329
2758,2759,1.3437
2759,2760,1.3518
2760,2761,1.2924
2761,2762,1.3689
2762,2763,1.3626
2763,2764,1.3203
2764,2765,1.3077
2765,2766,1.3257
2766,2767,1.4211
2767,2768,1.4094
2768,2769,1.4409
2769,2770,1.4265
2770,2771,1.4427
2771,2772,1.4517
2772,2773,1.3968
2773,2774,1.4571
2774,2775,1.3122
2775,2776,1.3545
2776,2777,1.3428
2777,2778,1.3068
2778,2779,1.4031
2779,2780,1.4688
2780,2781,1.4769
2781,2782,1.4868
2782,2783,1.5669
2783,2784,1.5795
2784,2785,1.6281
2785,2786,1.4571
2786,2787,1.4526
2787,2788,1.4751
2788,2789,1.4886
2789,2790,1.4688
2790,2791,1.4031
2791,2792,1.4859
2792,2793,1.5138
2793,2794,1.5444
2794,2795,1.5426
2795,2796,1.5075
2796,2797,1.5183
2797,2798,1.5651
2798,2799,1.5102
2799,2800,1.4274
2800,2801,1.4346
2801,2802,1.5102
2802,2803,1.4571
2803,2804,1.5228
2804,2805,1.5399
2805,2806,1.6038
2806,2807,1.6488
2807,2808,1.6335
2808,2809,1.5075
2809,2810,1.5624
2810,2811,1.4661
2811,2812,1.4445
2812,2813,1.4247
2813,2814,1.5084
2814,2815,1.4589
2815,2816,1.5075
2816,2817,1.557
2817,2818,1.6254
2818,2819,1.5984
2819,2820,1.548
2820,2821,1.5723
2821,2822,1.5741
2822,2823,1.5552
2823,2824,1.5237
2824,2825,1.5093
2825,2826,1.5498
2826,2827,1.557
2827,2828,1.5426
2828,2829,1.5534
2829,2830,1.7298
2830,2831,1.6902
2831,2832,1.6569
2832,2833,1.6605
2833,2834,1.6056
2834,2835,1.6389
2835,2836,1.6515
2836,2837,1.6335
2837,2838,1.6425
2838,2839,1.6866
2839,2840,1.6353
2840,2841,1.6389
2841,2842,1.6929
2842,2843,1.7505
2843,2844,1.701
2844,2845,1.746
2845,2846,1.5939
2846,2847,1.6569
2847,2848,1.6083
2848,2849,1.6524
2849,2850,1.6389
2850,2851,1.6281
2851,2852,1.6758
2852,2853,1.6632
2853,2854,1.6569
2854,2855,1.6614
2855,2856,1.6866
2856,2857,1.7145
2857,2858,1.6452
2858,2859,1.7379
2859,2860,1.6164
2860,2861,1.6443
2861,2862,1.6272
2862,2863,1.7145
2863,2864,1.7397
2864,2865,1.6632
2865,2866,1.6668
2866,2867,1.6803
2867,2868,1.6929
2868,2869,1.7451
2869,2870,1.6758
2870,2871,1.6749
2871,2872,1.6479
2872,2873,1.6677
2873,2874,1.6371
2874,2875,1.6182
2875,2876,1.6704
2876,2877,1.7397
2877,2878,1.6704
2878,2879,1.7496
2879,2880,1.71
2880,2881,1.8045
2881,2882,1.7334
2882,2883,1.7064
2883,2884,1.6578
2884,2885,1.6578
2885,2886,1.692
2886,2887,1.6362
2887,2888,1.665
2888,2889,1.665
2889,2890,1.7775
2890,2891,1.7136
2891,2892,1.7235
2892,2893,1.7262
2893,2894,1.7082
2894,2895,1.755
2895,2896,1.7361
2896,2897,1.6839
2897,2898,1.6884
2898,2899,1.7091
2899,2900,1.7208
2900,2901,1.7505
2901,2902,1.7325
2902,2903,1.7604
2903,2904,1.7595
2904,2905,1.7838
2905,2906,1.7271
2906,2907,1.7811
2907,2908,1.7406
2908,2909,1.6866
2909,2910,1.6677
2910,2911,1.7892
2911,2912,1.7073
2912,2913,1.6947
2913,2914,1.7118
2914,2915,1.8234
2915,2916,1.7523
2916,2917,1.7739
2917,2918,1.7496
2918,2919,1.746
2919,2920,1.7937
2920,2921,1.746
2921,2922,1.7631
2922,2923,1.6866
2923,2924,1.7415
2924,2925,1.728
2925,2926,1.7091
2926,2927,1.683
2927,2928,1.8099
2928,2929,1.7973
2929,2930,1.7856
2930,2931,1.8018
2931,2932,1.6731
2932,2933,1.6785
2933,2934,1.7001
2934,2935,1.6938
2935,2936,1.7334
2936,2937,1.7676
2937,2938,1.8558
2938,2939,1.8369
2939,2940,1.8558
2940,2941,1.8117
2941,2942,1.8063
2942,2943,1.8432
2943,2944,1.7505
2944,2945,1.7865
2945,2946,1.7433
2946,2947,1.8162
2947,2948,1.845
2948,2949,1.8126
2949,2950,1.773
2950,2951,1.7505
2951,2952,1.8756
2952,2953,1.8585
2953,2954,1.8351
2954,2955,1.8531
2955,2956,1.8666
2956,2957,1.8765
2957,2958,1.7676
2958,2959,1.8189
2959,2960,1.7586
2960,2961,1.8792
2961,2962,1.8684
2962,2963,1.8477
2963,2964,1.9818
2964,2965,1.9278
2965,2966,1.8963
2966,2967,1.9161
2967,2968,1.9125
2968,2969,1.8765
2969,2970,1.9404
2970,2971,1.9089
2971,2972,1.8324
2972,2973,1.8648
2973,2974,1.8702
2974,2975,1.9188
2975,2976,1.9791
2976,2977,1.9206
2977,2978,2.0034
2978,2979,2.025
2979,2980,2.0547
2980,2981,2.0223
2981,2982,1.9422
2982,2983,1.9647
2983,2984,1.8315
2984,2985,1.9782
2985,2986,1.9566
2986,2987,1.9098
2987,2988,1.9494
2988,2989,2.007
2989,2990,1.9737
2990,2991,1.9944
2991,2992,1.9341
2992,2993,1.8729
2993,2994,1.9818
2994,2995,1.8648
2995,2996,1.9215
2996,2997,1.9251
2997,2998,2.0619
2998,2999,1.9629
2999,3000,2.0106
3000,3001,2.0385
3001,3002,1.9854
3002,3003,2.1312
3003,3004,2.0871
3004,3005,2.0556
3005,3006,2.097
3006,3007,1.9719
3007,3008,1.9602
3008,3009,1.9773
3009,3010,1.9845
3010,3011,1.8972
3011,3012,1.9908
3012,3013,1.9692
3013,3014,2.1546
3014,3015,2.0412
3015,3016,2.016
3016,3017,2.0268
3017,3018,2.0565
3018,3019,1.9836
3019,3020,2.0259
3020,3021,1.9962
3021,3022,2.0043
3022,3023,2.0817
3023,3024,2.0178
3024,3025,2.1078
3025,3026,2.0682
3026,3027,2.1618
3027,3028,2.0799
3028,3029,2.0889
3029,3030,2.1276
3030,3031,2.0115
3031,3032,2.0565
3032,3033,2.0943
3033,3034,2.0313
3034,3035,2.0826
3035,3036,2.0439
3036,3037,2.0358
3037,3038,2.0844
3038,3039,2.1069
3039,3040,2.0862
3040,3041,2.1492
3041,3042,2.0232
3042,3043,2.0718
3043,3044,2.1132
3044,3045,2.1024
3045,3046,2.043
3046,3047,2.0223
3047,3048,2.0295
3048,3049,2.1141
3049,3050,2.0934
3050,3051,2.1204
3051,3052,2.1096
3052,3053,2.1006
3053,3054,2.0106
3054,3055,2.079
3055,3056,2.0466
3056,3057,2.0304
3057,3058,1.9602
3058,3059,2.0628
3059,3060,2.0583
3060,3061,2.0565
3061,3062,2.1537
3062,3063,2.1312
3063,3064,2.1861
3064,3065,2.0727
3065,3066,2.07
3066,3067,2.0601
3067,3068,1.971
3068,3069,2.0619
3069,3070,2.0637
3070,3071,2.0682
3071,3072,2.0682
3072,3073,1.9998
3073,3074,2.1267
3074,3075,2.1015
3075,3076,2.1195
3076,3077,2.1123
3077,3078,2.1852
3078,3079,2.0376
3079,3080,2.151
3080,3081,1.9935
3081,3082,2.0592
3082,3083,2.052
3083,3084,2.1006
3084,3085,2.0358
3085,3086,2.0556
3086,3087,2.1294
3087,3088,2.0502
3088,3089,2.0673
3089,3090,2.0043
3090,3091,2.0025
3091,3092,2.0331
3092,3093,2.0277
3093,3094,2.0277
3094,3095,1.9719
3095,3096,2.1024
3096,3097,2.0421
3097,3098,2.1294
3098,3099,2.1519
3099,3100,2.1717
3100,3101,2.1663
3101,3102,2.2158
3102,3103,2.0925
3103,3104,2.0961
3104,3105,2.0322
3105,3106,2.0637
3106,3107,2.0826
3107,3108,2.0772
3108,3109,2.061
3109,3110,2.0961
3110,3111,2.1528
3111,3112,2.1276
3112,3113,2.0691
3113,3114,2.0547
3114,3115,2.1303
3115,3116,2.187
3116,3117,2.061
3117,3118,2.0799
3118,3119,2.0952
3119,3120,2.1069
3120,3121,2.2275
3121,3122,2.2095
3122,3123,2.2698
3123,3124,2.3121
3124,3125,2.2203
3125,3126,2.2248
3126,3127,2.295
3127,3128,2.2212
3128,3129,2.1672
3129,3130,2.1186
3130,3131,2.1582
3131,3132,2.0664
3132,3133,2.142
3133,3134,2.2563
3134,3135,2.3742
3135,3136,2.3247
3136,3137,2.313
3137,3138,2.2707
3138,3139,2.2401
3139,3140,2.2644
3140,3141,2.2527
3141,3142,2.2869
3142,3143,2.1924
3143,3144,2.2905
3144,3145,2.3958
3145,3146,2.3517
3146,3147,2.3985
3147,3148,2.3904
3148,3149,2.3229
3149,3150,2.3544
3150,3151,2.2941
3151,3152,2.3391
3152,3153,2.2365
3153,3154,2.1942
3154,3155,2.1978
3155,3156,2.3013
3156,3157,2.2455
3157,3158,2.3823
3158,3159,2.4093
3159,3160,2.3571
3160,3161,2.3994
3161,3162,2.3967
3162,3163,2.3931
3163,3164,2.4228
3164,3165,2.3193
3165,3166,2.4237
3166,3167,2.4363
3167,3168,2.2761
3168,3169,2.3301
3169,3170,2.3706
3170,3171,2.3058
3171,3172,2.3499
3172,3173,2.4462
3173,3174,2.4669
3174,3175,2.4525
3175,3176,2.3508
3176,3177,2.3058
3177,3178,2.2671
3178,3179,2.2536
3179,3180,2.3733
3180,3181,2.4507
3181,3182,2.4804
3182,3183,2.5578
3183,3184,2.6316
3184,3185,2.5551
3185,3186,2.5155
3186,3187,2.4543
3187,3188,2.4327
3188,3189,2.4039
3189,3190,2.3391
3190,3191,2.3211
3191,3192,2.2482
3192,3193,2.322
3193,3194,2.4057
3194,3195,2.3238
3195,3196,2.4381
3196,3197,2.4507
3197,3198,2.4786
3198,3199,2.4174
3199,3200,2.349
3200,3201,2.412
3201,3202,2.4408
3202,3203,2.4786
3203,3204,2.4534
3204,3205,2.4696
3205,3206,2.4192
3206,3207,2.4345
3207,3208,2.5434
3208,3209,2.5902
3209,3210,2.511
3210,3211,2.376
3211,3212,2.3949
3212,3213,2.4318
3213,3214,2.3463
3214,3215,2.4246
3215,3216,2.4804
3216,3217,2.5056
3217,3218,2.5182
3218,3219,2.5803
3219,3220,2.6982
3220,3221,2.8539
3221,3222,2.9799
3222,3223,2.9394
3223,3224,2.7675
3224,3225,2.6982
3225,3226,2.547
3226,3227,2.6181
3227,3228,2.6082
3228,3229,2.5083
3229,3230,2.4615
3230,3231,2.5965
3231,3232,2.6766
3232,3233,2.6514
3233,3234,2.6343
3234,3235,2.5398
3235,3236,2.6208
3236,3237,2.5839
3237,3238,2.5749
3238,3239,2.5587
3239,3240,2.6235
3240,3241,2.7288
3241,3242,2.7567
3242,3243,2.7837
3243,3244,2.8899
3244,3245,2.8899
3245,3246,2.88
3246,3247,2.7549
3247,3248,2.8062
3248,3249,2.6883
3249,3250,2.5524
3250,3251,2.5623
3251,3252,2.529
3252,3253,2.4237
3253,3254,2.5479
3254,3255,2.5857
3255,3256,2.7207
3256,3257,2.6559
3257,3258,2.7081
3258,3259,2.781
3259,3260,2.8224
3260,3261,2.7108
3261,3262,2.7729
3262,3263,2.8377
3263,3264,2.8305
3264,3265,2.7117
3265,3266,2.7702
3266,3267,2.7144
3267,3268,2.8062
3268,3269,2.7441
3269,3270,2.7864
3270,3271,2.7585
3271,3272,2.6883
3272,3273,2.6595
3273,3274,2.7099
3274,3275,2.6136
3275,3276,2.7036
3276,3277,2.6532
3277,3278,2.7531
3278,3279,2.8035
3279,3280,2.889
3280,3281,3.0168
3281,3282,3.0267
3282,3283,3.033
3283,3284,3.0456
3284,3285,2.7963
3285,3286,2.6937
3286,3287,2.7162
3287,3288,2.6397
3288,3289,2.6262
3289,3290,2.5461
3290,3291,2.5434
3291,3292,2.5839
3292,3293,2.6829
3293,3294,2.7387
3294,3295,2.7819
3295,3296,2.7072
3296,3297,2.7333
3297,3298,2.7477
3298,3299,2.7558
3299,3300,2.7
3300,3301,2.7729
3301,3302,2.8863
3302,3303,2.9448
3303,3304,2.8296
3304,3305,2.8161
3305,3306,2.8395
3306,3307,2.8332
3307,3308,2.7495
3308,3309,2.7027
3309,3310,2.6244
3310,3311,2.4975
3311,3312,2.448
3312,3313,2.3877
3313,3314,2.4453
3314,3315,2.4723
3315,3316,2.538
3316,3317,2.538
3317,3318,2.655
3318,3319,2.7585
3319,3320,2.7918
3320,3321,2.7297
3321,3322,2.988
3322,3323,2.8233
3323,3324,2.664
3324,3325,2.6703
3325,3326,2.5965
3326,3327,2.6073
3327,3328,2.52
3328,3329,2.5452
3329,3330,2.6595
3330,3331,2.6226
3331,3332,2.5632
3332,3333,2.4921
3333,3334,2.547
3334,3335,2.4903
3335,3336,2.4408
3336,3337,2.4372
3337,3338,2.3931
3338,3339,2.7144
3339,3340,2.7468
3340,3341,2.8539
3341,3342,2.8818
3342,3343,3.2922
3343,3344,3.1725
3344,3345,2.8971
3345,3346,2.7999
3346,3347,2.6109
3347,3348,2.5551
3348,3349,2.4948
3349,3350,2.4183
3350,3351,2.4192
3351,3352,2.3931
3352,3353,2.421
3353,3354,2.3913
3354,3355,2.5128
3355,3356,2.4615
3356,3357,2.4066
3357,3358,2.4381
3358,3359,2.3922
3359,3360,2.4336
3360,3361,2.5119
3361,3362,2.5794
3362,3363,2.448
3363,3364,2.4624
3364,3365,2.5146
3365,3366,2.4156
3366,3367,2.3175
3367,3368,2.3256
3368,3369,2.2959
3369,3370,2.2248
3370,3371,2.1222
3371,3372,2.0709
3372,3373,2.0799
3373,3374,2.0007
3374,3375,1.9971
3375,3376,2.0979
3376,3377,2.1744
3377,3378,2.1087
3378,3379,2.2203
3379,3380,2.3031
3380,3381,2.3517
3381,3382,2.4408
3382,3383,2.3724
3383,3384,2.3319
3384,3385,2.223
3385,3386,2.1474
3386,3387,2.0997
3387,3388,2.0088
3388,3389,2.0871
3389,3390,1.9566
3390,3391,1.9755
3391,3392,1.9449
3392,3393,1.9611
3393,3394,1.9107
3394,3395,1.9125
3395,3396,1.7856
3396,3397,1.8288
3397,3398,1.8774
3398,3399,1.8783
3399,3400,1.8441
3400,3401,1.9557
3401,3402,2.0277
3402,3403,2.0133
3403,3404,2.0016
3404,3405,2.0871
3405,3406,1.863
3406,3407,1.8144
3407,3408,1.7253
3408,3409,1.6659
3409,3410,1.7109
3410,3411,1.7163
3411,3412,1.611
3412,3413,1.6398
3413,3414,1.6461
3414,3415,1.6983
3415,3416,1.6317
3416,3417,1.6686
3417,3418,1.7226
3418,3419,1.6722
3419,3420,1.6983
3420,3421,1.7676
3421,3422,1.8018
3422,3423,1.7586
3423,3424,1.7352
3424,3425,1.7406
3425,3426,1.7046
3426,3427,1.593
3427,3428,1.6326
3428,3429,1.5804
3429,3430,1.5822
3430,3431,1.7019
3431,3432,1.548
3432,3433,1.5174
3433,3434,1.5021
3434,3435,1.4517
3435,3436,1.4355
3436,3437,1.4859
3437,3438,1.3914
3438,3439,1.4841
3439,3440,1.5426
3440,3441,1.6722
3441,3442,1.6488
3442,3443,1.6965
3443,3444,1.6128
3444,3445,1.5309
3445,3446,1.5732
3446,3447,1.5048
3447,3448,1.4139
3448,3449,1.3527
3449,3450,1.3833
3450,3451,1.3275
3451,3452,1.2366
3452,3453,1.2942
3453,3454,1.305
3454,3455,1.2807
3455,3456,1.2618
3456,3457,1.3266
3457,3458,1.3581
3458,3459,1.2924
3459,3460,1.2933
3460,3461,1.3671
3461,3462,1.3977
3462,3463,1.3527
3463,3464,1.35
3464,3465,1.3833
3465,3466,1.3617
3466,3467,1.2303
3467,3468,1.2393
3468,3469,1.1223
3469,3470,1.1943
3470,3471,1.0647
3471,3472,1.0665
3472,3473,1.1232
3473,3474,1.1205
3474,3475,1.0998
3475,3476,1.1277
3476,3477,1.179
3477,3478,1.1484
3478,3479,1.1727
3479,3480,1.1322
3480,3481,1.098
3481,3482,1.1259
3482,3483,1.2195
3483,3484,1.1403
3484,3485,1.0899
3485,3486,1.0224
3486,3487,0.9747
3487,3488,1.0413
3488,3489,0.9792
3489,3490,1.0161
3490,3491,0.9396
3491,3492,0.9333
3492,3493,0.9189
3493,3494,0.8838
3494,3495,0.8874
3495,3496,0.8361
3496,3497,0.8991
3497,3498,0.801
3498,3499,0.9108
3499,3500,0.8631
3500,3501,0.8667
3501,3502,0.8856
3502,3503,0.8631
3503,3504,0.9054
3504,3505,0.8541
3505,3506,0.8136
3506,3507,0.8145
3507,3508,0.7137
3508,3509,0.7848
3509,3510,0.7695
3510,3511,0.7002
3511,3512,0.657
3512,3513,0.6984
3513,3514,0.6849
3514,3515,0.7155
3515,3516,0.648
3516,3517,0.6777
3517,3518,0.6669
3518,3519,0.6192
3519,3520,0.6462
3520,3521,0.702
3521,3522,0.7083
3522,3523,0.7128
3523,3524,0.7029
3524,3525,0.7011
3525,3526,0.639
3526,3527,0.6318
3527,3528,0.6138
3528,3529,0.6201
3529,3530,0.5922
3530,3531,0.6084
3531,3532,0.5382
3532,3533,0.5409
3533,3534,0.5697
3534,3535,0.5544
3535,3536,0.5445
3536,3537,0.5382
3537,3538,0.5166
3538,3539,0.5769
3539,3540,0.5652
3540,3541,0.5724
3541,3542,0.5805
3542,3543,0.522
3543,3544,0.5274
3544,3545,0.5391
3545,3546,0.5247
3546,3547,0.5049
3547,3548,0.4698
3548,3549,0.4869
3549,3550,0.4626
3550,3551,0.4851
3551,3552,0.4914
3552,3553,0.4527
3553,3554,0.4455
3554,3555,0.4977
3555,3556,0.4284
3556,3557,0.4671
3557,3558,0.4716
3558,3559,0.4167
3559,3560,0.4266
3560,3561,0.4401
3561,3562,0.4104
3562,3563,0.4626
3563,3564,0.4104
3564,3565,0.4311
3565,3566,0.432
3566,3567,0.4266
3567,3568,0.3996
3568,3569,0.3654
3569,3570,0.3654
3570,3571,0.3654
3571,3572,0.3501
3572,3573,0.3654
3573,3574,0.3456
3574,3575,0.3528
3575,3576,0.3537
3576,3577,0.3564
3577,3578,0.3366
3578,3579,0.3483
3579,3580,0.315
3580,3581,0.3402
3581,3582,0.3105
3582,3583,0.3348
3583,3584,0.2871
3584,3585,0.3033
3585,3586,0.2898
3586,3587,0.306
3587,3588,0.2817
3588,3589,0.3159
3589,3590,0.3204
3590,3591,0.2871
3591,3592,0.2835
3592,3593,0.2871
3593,3594,0.279
3594,3595,0.2664
3595,3596,0.2682
3596,3597,0.243
3597,3598,0.2529
3598,3599,0.2601
3599,3600,0.2529
3600,3601,0.2439
3601,3602,0.2376
3602,3603,0.2538
3603,3604,0.2466
3604,3605,0.2277
3605,3606,0.2223
3606,3607,0.2367
3607,3608,0.2142
3608,3609,0.2124
3609,3610,0.2133
3610,3611,0.2124
3611,3612,0.2007
3612,3613,0.2079
3613,3614,0.1881
3614,3615,0.1971
3615,3616,0.1908
3616,3617,0.1971
3617,3618,0.189
3618,3619,0.1548
3619,3620,0.1854
3620,3621,0.1737
3621,3622,0.171
3622,3623,0.189
3623,3624,0.1818
3624,3625,0.1926
3625,3626,0.1728
3626,3627,0.1611
3627,3628,0.1746
3628,3629,0.1287
3629,3630,0.1431
3630,3631,0.1422
3631,3632,0.1476
3632,3633,0.1179
3633,3634,0.1188
3634,3635,0.1314
3635,3636,0.1386
3636,3637,0.1377
3637,3638,0.135
3638,3639,0.1152
3639,3640,0.1242
3640,3641,0.126
3641,3642,0.1233
3642,3643,0.1314
3643,3644,0.1476
3644,3645,0.1071
3645,3646,0.0999
3646,3647,0.1035
3647,3648,0.099
3648,3649,0.1206
3649,3650,0.1143
3650,3651,0.0918
3651,3652,0.108
3652,3653,0.0981
3653,3654,0.1017
3654,3655,0.0945
3655,3656,0.0765
3656,3657,0.1044
3657,3658,0.1026
3658,3659,0.0882
3659,3660,0.0945
3660,3661,0.0756
3661,3662,0.0693
3662,3663,0.0639
3663,3664,0.0693
3664,3665,0.0693
3665,3666,0.0783
3666,3667,0.0684
3667,3668,0.0702
3668,3669,0.081
3669,3670,0.0774
3670,3671,0.0621
3671,3672,0.0738
3672,3673,0.0738
3673,3674,0.0648
3674,3675,0.0693
3675,3676,0.0522
3676,3677,0.0558
3677,3678,0.0522
3678,3679,0.0576
3679,3680,0.0522
3680,3681,0.0531
3681,3682,0.0513
3682,3683,0.0567
3683,3684,0.054
3684,3685,0.0585
3685,3686,0.0522
3686,3687,0.0468
3687,3688,0.063
3688,3689,0.0513
3689,3690,0.0423
3690,3691,0.0414
3691,3692,0.0378
3692,3693,0.036
3693,3694,0.0369
3694,3695,0.0522
3695,3696,0.0315
3696,3697,0.0306
3697,3698,0.0414
3698,3699,0.0315
3699,3700,0.0324
3700,3701,0.027
3701,3702,0.0324
3702,3703,0.0342
3703,3704,0.027
3704,3705,0.0315
3705,3706,0.036
3706,3707,0.0315
3707,3708,0.0261
3708,3709,0.0324
3709,3710,0.0315
3710,3711,0.0261
3711,3712,0.0324
3712,3713,0.0189
3713,3714,0.0225
3714,3715,0.0198
3715,3716,0.0225
3716,3717,0.0162
3717,3718,0.0162
3718,3719,0.018
3719,3720,0.0162
3720,3721,0.0207
3721,3722,0.0117
3722,3723,0.0135
3723,3724,0.018
3724,3725,0.018
3725,3726,0.0144
3726,3727,0.0126
3727,3728,0.009
3728,3729,0.0153
3729,3730,0.0171
3730,3731,0.0171
3731,3732,0.0126
3732,3733,0.0171
3733,3734,0.0126
3734,3735,0.0162
3735,3736,0.009
3736,3737,0.0126
3737,3738,0.009
3738,3739,0.009
3739,3740,0.0135
3740,3741,0.0081
3741,3742,0.0099
3742,3743,0.0108
3743,3744,0.0072
3744,3745,0.0063
3745,3746,0.009
3746,3747,0.0081
3747,3748,0.0054
3748,3749,0.0063
3749,3750,0.0081
3750,3751,0.0072
3751,3752,0.0063
3752,3753,0.0081
3753,3754,0.0054
3754,3755,0.0054
3755,3756,0.0045
3756,3757,0.0054
3757,3758,0.0018
3758,3759,0.0045
3759,3760,0.0072
3760,3761,0.0054
3761,3762,0.0027
3762,3763,0.0072
3763,3764,0
3764,3765,0.0036
3765,3766,0.0054
3766,3767,0.0045
3767,3768,0.0045
3768,3769,0.0027
3769,3770,0.0027
3770,3771,0.0027
3771,3772,0.0054
3772,3773,0.0027
3773,3774,0.0027
3774,3775,0.0018
3775,3776,0.0018
3776,3777,0.0018
3777,3778,0.0036
3778,3779,9.00E-04
3779,3780,0.0018
3780,3781,0.0027
3781,3782,0.0036
3782,3783,9.00E-04
3783,3784,0
3784,3785,0.0036
3785,3786,0
3786,3787,0
3787,3788,0
3788,3789,0.0027
3789,3790,0.0018
3790,3791,0
3791,3792,0.0018
3792,3793,0.0018
3793,3794,0.0018
3794,3795,9.00E-04
3795,3796,9.00E-04
3796,3797,9.00E-04
3797,3798,0.0018
3798,3799,0.0018
3799,3800,0.0018
3800,3801,9.00E-04
3801,3802,0.0018
3802,3803,0.0018
3803,3804,9.00E-04
3804,3805,0.0018
3805,3806,9.00E-04
3806,3807,9.00E-04
3807,3808,0
3808,3809,9.00E-04
3809,3810,0
3810,3811,9.00E-04
3811,3812,0
3812,3813,9.00E-04
3813,3814,0.0018
3814,3815,0
3815,3816,0
3816,3817,0.0018
3817,3818,9.00E-04
3818,3819,9.00E-04
3819,3820,0.0018
3820,3821,0
3821,3822,0
3822,3823,0
3823,3824,0
3824,3825,0
3825,3826,0
3826,3827,0
3827,3828,0
3828,3829,0
3829,3830,0
3830,3831,0
3831,3832,0
3832,3833,0
3833,3834,0
3834,3835,0
3835,3836,0
3836,3837,0
3837,3838,0
3838,3839,0
3839,3840,0
3840,3841,0
3841,3842,0
3842,3843,0
3843,3844,0
3844,3845,0
3845,3846,0
3846,3847,0
3847,3848,0
3848,3849,0
3849,3850,0
3850,3851,0
3851,3852,0
3852,3853,0
3853,3854,0
3854,3855,0
3855,3856,0
3856,3857,0
3857,3858,0
3858,3859,0
3859,3860,0
3860,3861,0
3861,3862,0
3862,3863,0
3863,3864,0
3864,3865,0
3865,3866,0
3866,3867,0
3867,3868,0
3868,3869,0
3869,3870,0
3870,3871,0
3871,3872,0
3872,3873,0
3873,3874,0
3874,3875,0
3875,3876,0
3876,3877,0
3877,3878,0
3878,3879,0
3879,3880,0
3880,3881,0
3881,3882,0
3882,3883,0
3883,3884,0
3884,3885,0
3885,3886,0
3886,3887,0
3887,3888,0
3888,3889,0
3889,3890,0
3890,3891,0
3891,3892,0
3892,3893,0
3893,3894,0
3894,3895,0
3895,3896,0
3896,3897,0
3897,3898,0
3898,3899,0
3899,3900,0
3900,3901,0
3901,3902,0
3902,3903,0
3903,3904,0
3904,3905,0
3905,3906,0
3906,3907,0
3907,3908,0
3908,3909,0
3909,3910,0
3910,3911,0
3911,3912,0
3912,3913,0
3913,3914,0
3914,3915,0
3915,3916,0
3916,3917,0
3917,3918,0
3918,3919,0
3919,3920,0
3920,3921,0
3921,3922,0
3922,3923,0
3923,3924,0
3924,3925,0
3925,3926,0
3926,3927,0
3927,3928,0
3928,3929,0
3929,3930,0
3930,3931,0
3931,3932,0
3932,3933,0
3933,3934,0
3934,3935,0
3935,3936,0
3936,3937,0
3937,3938,0
3938,3939,0
3939,3940,0
3940,3941,0
3941,3942,0
3942,3943,0
3943,3944,0
3944,3945,0
3945,3946,0
3946,3947,0
3947,3948,0
3948,3949,0
3949,3950,0
3950,3951,0
3951,3952,0
3952,3953,0
3953,3954,0
3954,3955,0
3955,3956,0
3956,3957,0
3957,3958,0
3958,3959,0
3959,3960,0
3960,3961,0
3961,3962,0
3962,3963,0
3963,3964,0
3964,3965,0
3965,3966,0
3966,3967,0
3967,3968,0
3968,3969,0
3969,3970,0
3970,3971,0
3971,3972,0
3972,3973,0
3973,3974,0
3974,3975,0
3975,3976,0
3976,3977,0
3977,3978,0
3978,3979,0
3979,3980,0
3980,3981,0
3981,3982,0
3982,3983,0
3983,3984,0
3984,3985,0
3985,3986,0
3986,3987,0
3987,3988,0
3988,3989,0
3989,3990,0
3990,3991,0
3991,3992,0
3992,3993,0
3993,3994,0
3994,3995,0
3995,3996,0
3996,3997,0
3997,3998,0
3998,3999,0
3999,4000,0
4000,4001,0