treeid,year,wpbr,mean_length,mean_num,dbh,plot,drought,pern,n,perc,delta_c,mortality,pair,drought2,Rust,dbhclass
DC1,2017,yes,7.366666666666667,10.333333333333334,56.8,DC,No,1.07,-5.55,50.08,-27.45,0,1,NoDrought,Yes,Adult
DC1,2016,yes,6.866666666666667,11,56.8,DC,No,1,-5.7,51,-28.15,0,1,NoDrought,Yes,Adult
DC1,2015,yes,6.633333333333333,10.666666666666666,56.8,DC,Yes,0.97,-6.05,47.87,-27.08,0,1,Drought,Yes,Adult
DC1,2014,yes,6.8,13.333333333333334,56.8,DC,Yes,0.89,-6.03,52.53,-26.94,0,1,Drought,Yes,Adult
DC1,2013,yes,6.233333333333333,10.666666666666666,56.8,DC,Yes,0.88,-5.87,51.04,-27.149999999999995,0,1,Drought,Yes,Adult
DC1,2012,yes,7.2,8.666666666666666,56.8,DC,Yes,0.81,-6.08,52.94,-27.98,0,1,Drought,Yes,Adult
DC4,2017,no,8.833333333333334,15.333333333333334,22.9,DC,No,1.12,-6.62,52.97,-30.400000000000006,0,4,NoDrought,No,Pole
DC4,2016,no,7.3,16,22.9,DC,No,1.19,-6.22,46.9,-29.810000000000002,0,4,NoDrought,No,Pole
DC4,2015,no,7.833333333333333,12,22.9,DC,Yes,1.02,-6.8,49.87,-29.610000000000003,0,4,Drought,No,Pole
DC4,2014,no,7.3999999999999995,11.333333333333334,22.9,DC,Yes,0.94,-7.02,49.8,-29.050000000000004,0,4,Drought,No,Pole
DC4,2013,no,7.333333333333333,13.666666666666666,22.9,DC,Yes,0.93,-6.74,49.78,-29.47,0,4,Drought,No,Pole
DC4,2012,no,7.833333333333333,11.333333333333334,22.9,DC,Yes,0.82,-6.83,49.63,-30.270000000000003,0,4,Drought,No,Pole
DC5,2017,no,11.133333333333333,15.333333333333334,51,DC,No,1.34,-3.23,49.97,-27.29,0,1,NoDrought,No,Adult
DC5,2016,no,11.066666666666668,28.333333333333332,51,DC,No,1.21,-3.42,49.67,-27.77,0,1,NoDrought,No,Adult
DC5,2015,no,10.333333333333334,31.333333333333332,51,DC,Yes,1.21,-3.55,50.26,-27.200000000000003,0,1,Drought,No,Adult
DC5,2014,no,10,33,51,DC,Yes,1.07,-3.87,49.73,-27.03,0,1,Drought,No,Adult
DC5,2013,no,10.733333333333334,19.333333333333332,51,DC,Yes,1.02,-3.75,50.07,-27.08,0,1,Drought,No,Adult
DC5,2012,no,10.366666666666667,4.333333333333333,51,DC,Yes,0.96,-3.55,50.7,-27.43,0,1,Drought,No,Adult
DC6,2017,no,8.866666666666667,11.333333333333334,12.6,DC,No,1.46,-7.07,50,-26.93,0,2,NoDrought,No,Sapling
DC6,2016,no,7.866666666666667,12.333333333333334,12.6,DC,No,1.2,-7.21,49.41,-28.019999999999996,0,2,NoDrought,No,Sapling
DC6,2015,no,6,12,12.6,DC,Yes,1.13,-7.37,50.52,-26.499999999999996,0,2,Drought,No,Sapling
DC6,2014,no,5.733333333333334,15,12.6,DC,Yes,1.02,-7.09,50.56,-26.93,0,2,Drought,No,Sapling
DC6,2013,no,6.466666666666666,12,12.6,DC,Yes,1.04,-7.07,50.16,-27.33,0,2,Drought,No,Sapling
DC6,2012,no,6.900000000000001,10.333333333333334,12.6,DC,Yes,1.03,-7.02,50.02,-28.21,0,2,Drought,No,Sapling
DC7,2017,no,6.6000000000000005,20.333333333333332,23.3,DC,No,1.26,-6.26,49.95,-25.89,1,3,NoDrought,No,Pole
DC7,2016,no,7.6000000000000005,18,23.3,DC,No,1.2,-6.29,49.67,-27.39,1,3,NoDrought,No,Pole
DC7,2015,no,5.966666666666666,16.666666666666668,23.3,DC,Yes,1.21,-7.21,48.11,-25.739999999999995,1,3,Drought,No,Pole
DC7,2014,no,5.933333333333334,17.333333333333332,23.3,DC,Yes,1.16,-6.82,49.98,-25.97,1,3,Drought,No,Pole
DC7,2013,no,5.3999999999999995,23.333333333333332,23.3,DC,Yes,0.99,-6.78,49.33,-25.950000000000003,1,3,Drought,No,Pole
DC7,2012,no,6.366666666666667,18.333333333333332,23.3,DC,Yes,1.04,-6.65,49.31,-27.25,1,3,Drought,No,Pole
DC8,2017,yes,6.766666666666667,21.333333333333332,18.8,DC,No,1.05,-6,51.14,-26.71,1,3,NoDrought,Yes,Sapling
DC8,2016,yes,6.2,16.333333333333332,18.8,DC,No,1.07,-6.38,51.25,-28.67,1,3,NoDrought,Yes,Sapling
DC8,2015,yes,5.3,13.666666666666666,18.8,DC,Yes,0.97,-6.85,50.46,-27,1,3,Drought,Yes,Sapling
DC8,2014,yes,4.766666666666667,16.333333333333332,18.8,DC,Yes,1.05,-6.36,51.38,-26.4,1,3,Drought,Yes,Sapling
DC8,2013,yes,5.566666666666667,18.666666666666668,18.8,DC,Yes,1.05,-6.11,51.26,-26.6,1,3,Drought,Yes,Sapling
DC8,2012,yes,7.266666666666667,8,18.8,DC,Yes,1.01,-6.34,51.12,-28.28,1,3,Drought,Yes,Sapling
DC9,2017,yes,7.300000000000001,22.333333333333332,15,DC,No,0.83,-8.18,49.86,-28.64,0,4,NoDrought,Yes,Sapling
DC9,2016,yes,6.933333333333333,17.666666666666668,15,DC,No,0.86,-8.13,49.46,-30.100000000000005,0,4,NoDrought,Yes,Sapling
DC9,2015,yes,7.6000000000000005,18,15,DC,Yes,0.87,-8.41,50.01,-29.090000000000007,0,4,Drought,Yes,Sapling
DC9,2014,yes,6.533333333333332,14.666666666666666,15,DC,Yes,0.83,-8.13,49.8,-28.730000000000004,0,4,Drought,Yes,Sapling
DC9,2013,yes,6.266666666666667,11.333333333333334,15,DC,Yes,0.77,-8.35,49.92,-28.490000000000002,0,4,Drought,Yes,Sapling
DC9,2012,yes,6.933333333333334,6.333333333333333,15,DC,Yes,0.75,-8.28,49.47,-30.490000000000002,0,4,Drought,Yes,Sapling
DC10,2017,yes,6.3,11,8.6,DC,No,1.26,-7.05,49.71,-26.33,1,5,NoDrought,Yes,Sapling
DC10,2016,yes,5.866666666666667,13.333333333333334,8.6,DC,No,1.21,-7.41,50.51,-27.049999999999997,1,5,NoDrought,Yes,Sapling
DC10,2015,yes,5.266666666666667,8.666666666666666,8.6,DC,Yes,1.14,-7.83,50.53,-26.17,1,5,Drought,Yes,Sapling
DC10,2014,yes,5.066666666666667,11,8.6,DC,Yes,1.2,-8.17,50.91,-25.61,1,5,Drought,Yes,Sapling
DC10,2013,yes,5.3999999999999995,11.666666666666666,8.6,DC,Yes,1.19,-7.83,51.14,-25.810000000000002,1,5,Drought,Yes,Sapling
DC10,2012,yes,6.466666666666666,3.3333333333333335,8.6,DC,Yes,1.13,-7.6,50.72,-27.59,1,5,Drought,Yes,Sapling
DC11,2017,yes,4.433333333333334,12.666666666666666,14.3,DC,No,0.8,-7.01,51.12,-26.800000000000004,1,6,NoDrought,Yes,Sapling
DC11,2016,yes,5.133333333333333,7.666666666666667,14.3,DC,No,0.99,-6.45,51.26,-27.119999999999997,1,6,NoDrought,Yes,Sapling
DC11,2015,yes,5.900000000000001,9.333333333333334,14.3,DC,Yes,0.98,-6.37,51.34,-26.690000000000005,1,6,Drought,Yes,Sapling
DC11,2014,yes,5.033333333333333,6.666666666666667,14.3,DC,Yes,0.93,-5.64,51.62,-26.4,1,6,Drought,Yes,Sapling
DC11,2013,yes,5.233333333333333,4.666666666666667,14.3,DC,Yes,0.94,-5.06,51.37,-26.61,1,6,Drought,Yes,Sapling
DC11,2012,yes,NA,0,14.3,DC,Yes,NA,NA,NA,NA,1,6,Drought,Yes,Sapling
DC12,2017,yes,6.400000000000001,11,12.8,DC,No,0.92,-6.22,49,-27.35,0,2,NoDrought,Yes,Sapling
DC12,2016,yes,6.8999999999999995,12.333333333333334,12.8,DC,No,0.98,-6.33,49.53,-27.97,0,2,NoDrought,Yes,Sapling
DC12,2015,yes,6.7,9.666666666666666,12.8,DC,Yes,0.96,-6.88,49.33,-26.75,0,2,Drought,Yes,Sapling
DC12,2014,yes,5.3999999999999995,9.666666666666666,12.8,DC,Yes,0.93,-7.32,49.29,-25.950000000000003,0,2,Drought,Yes,Sapling
DC12,2013,yes,4.666666666666667,9.333333333333334,12.8,DC,Yes,0.9,-7.13,49.12,-26.39,0,2,Drought,Yes,Sapling
DC12,2012,yes,NA,0.6666666666666666,12.8,DC,Yes,0.92,-6.94,50.06,-27.85,0,2,Drought,Yes,Sapling
DC13,2017,no,6.6000000000000005,13.333333333333334,6.3,DC,No,1.26,-5.17,50.05,-28.18,0,5,NoDrought,No,Sapling
DC13,2016,no,6.766666666666667,14,6.3,DC,No,1.11,-5.14,49.87,-28.84,0,5,NoDrought,No,Sapling
DC13,2015,no,5.666666666666667,11.666666666666666,6.3,DC,Yes,1.05,-5.16,49.65,-26.980000000000004,0,5,Drought,No,Sapling
DC13,2014,no,5.6000000000000005,11.666666666666666,6.3,DC,Yes,0.98,-5.57,49.59,-26.79,0,5,Drought,No,Sapling
DC13,2013,no,6.133333333333333,5,6.3,DC,Yes,1,-5.52,50.42,-27.46,0,5,Drought,No,Sapling
DC13,2012,no,NA,0,6.3,DC,Yes,NA,NA,NA,NA,0,5,Drought,No,Sapling
DC14,2017,yes,6.8999999999999995,15,12,DC,No,1.16,-4.94,50.1,-28.32,0,7,NoDrought,Yes,Sapling
DC14,2016,yes,7.333333333333333,9.666666666666666,12,DC,No,1.06,-5.2,50.22,-29.210000000000004,0,7,NoDrought,Yes,Sapling
DC14,2015,yes,6.133333333333333,9,12,DC,Yes,1.13,-5.68,50.34,-27.41,0,7,Drought,Yes,Sapling
DC14,2014,yes,4.433333333333334,8.666666666666666,12,DC,Yes,1.14,-5.81,50.34,-26.82,0,7,Drought,Yes,Sapling
DC14,2013,yes,4.566666666666666,9,12,DC,Yes,1.02,-5.66,50.74,-27.370000000000005,0,7,Drought,Yes,Sapling
DC14,2012,yes,4.166666666666667,3.6666666666666665,12,DC,Yes,1.03,-5.28,49.64,-28.29,0,7,Drought,Yes,Sapling
DC16,2017,no,6.066666666666666,19,15.2,DC,No,1.22,-3.67,49.24,-26.75,0,7,NoDrought,No,Sapling
DC16,2016,no,6.066666666666667,18.333333333333332,15.2,DC,No,1.13,-3.93,49.55,-27.86,0,7,NoDrought,No,Sapling
DC16,2015,no,5.8999999999999995,20.333333333333332,15.2,DC,Yes,1.05,-4.41,50.21,-26.17,0,7,Drought,No,Sapling
DC16,2014,no,5.166666666666667,17,15.2,DC,Yes,1.18,-4.48,50.09,-26.14,0,7,Drought,No,Sapling
DC16,2013,no,4.866666666666666,13.666666666666666,15.2,DC,Yes,1,-4.39,49.84,-26.18,0,7,Drought,No,Sapling
DC16,2012,no,5.133333333333333,5,15.2,DC,Yes,1.04,-4.43,50.09,-26.83,0,7,Drought,No,Sapling
DC17,2017,no,7.400000000000001,24,23.4,DC,No,1.02,-6.55,49.6,-29.22,0,6,NoDrought,No,Pole
DC17,2016,no,7.866666666666667,18,23.4,DC,No,0.97,-6.38,49.43,-29.210000000000004,0,6,NoDrought,No,Pole
DC17,2015,no,7.033333333333334,17,23.4,DC,Yes,1.03,-6.92,49.07,-27.89,0,6,Drought,No,Pole
DC17,2014,no,6.166666666666667,13,23.4,DC,Yes,1.05,-7,49.27,-27.32,0,6,Drought,No,Pole
DC17,2013,no,6.5,14.666666666666666,23.4,DC,Yes,1.04,-6.9,49.32,-27.97,0,6,Drought,No,Pole
DC17,2012,no,6.866666666666667,10.333333333333334,23.4,DC,Yes,0.92,-6.96,48.92,-29.21,0,6,Drought,No,Pole
SB1,2017,no,7.8356666666666674,23,55.5,SB,No,1.07,-2.39,48.61,-29.02,0,8,NoDrought,No,Adult
SB1,2016,no,7.634,24.333333333333332,55.5,SB,No,1.28,-3.4,51.02,-29.299999999999997,0,8,NoDrought,No,Adult
SB1,2015,no,7.3103333333333325,26.666666666666668,55.5,SB,Yes,1.22,-3.36,51.58,-29.260000000000005,0,8,Drought,No,Adult
SB1,2014,no,7.475666666666666,27.333333333333332,55.5,SB,Yes,1.23,-3.47,51.26,-29.03,0,8,Drought,No,Adult
SB1,2013,no,8.560333333333334,21.666666666666668,55.5,SB,Yes,1.17,-3.66,51.11,-29.17,0,8,Drought,No,Adult
SB1,2012,no,8.927999999999999,5.666666666666667,55.5,SB,Yes,0.84,-3.28,50.56,-29.050000000000004,0,8,Drought,No,Adult
SB2,2017,yes,8.502333333333333,14.333333333333334,39.8,SB,No,1.26,-2.06,51.51,-25.17,0,8,NoDrought,Yes,Adult
SB2,2016,yes,9.726333333333335,11.333333333333334,39.8,SB,No,1.39,-2.46,52.05,-25.519999999999996,0,8,NoDrought,Yes,Adult
SB2,2015,yes,8.126333333333333,18.333333333333332,39.8,SB,Yes,1.26,-2.57,52.03,-25.54,0,8,Drought,Yes,Adult
SB2,2014,yes,9.453000000000001,14.666666666666666,39.8,SB,Yes,1.37,-3.18,51.15,-25.64,0,8,Drought,Yes,Adult
SB2,2013,yes,10.476333333333333,12.333333333333334,39.8,SB,Yes,0.99,-3.41,50.9,-26.93,0,8,Drought,Yes,Adult
SB2,2012,yes,10.424,3,39.8,SB,Yes,0.9,-3.17,52.29,-27.450000000000003,0,8,Drought,Yes,Adult
SB3,2017,yes,5.6000000000000005,16.666666666666668,9.6,SB,No,1.29,-1.43,41.48,-28.35,1,9,NoDrought,Yes,Sapling
SB3,2016,yes,7.079666666666667,13.666666666666666,9.6,SB,No,1.48,-1.17,52.56,-28.559999999999995,1,9,NoDrought,Yes,Sapling
SB3,2015,yes,5.419,24,9.6,SB,Yes,1.23,-1.43,51.38,-28.13,1,9,Drought,Yes,Sapling
SB3,2014,yes,5.148666666666667,31.666666666666668,9.6,SB,Yes,1.34,-1.69,53.05,-28.31,1,9,Drought,Yes,Sapling
SB3,2013,yes,6.907333333333334,29,9.6,SB,Yes,1.16,-1.78,53.09,-29.03,1,9,Drought,Yes,Sapling
SB3,2012,yes,7.629666666666668,22,9.6,SB,Yes,0.86,-1.98,51.78,-29,1,9,Drought,Yes,Sapling
SB4,2017,no,7.069,21.666666666666668,11.5,SB,No,1.32,-1.45,50.75,-29.43,0,9,NoDrought,No,Sapling
SB4,2016,no,6.779,22.333333333333332,11.5,SB,No,1.2,-2.15,52.03,-29.600000000000005,0,9,NoDrought,No,Sapling
SB4,2015,no,5.756333333333333,26.666666666666668,11.5,SB,Yes,1.19,-2.26,55.32,-29.01000000000001,0,9,Drought,No,Sapling
SB4,2014,no,6.766333333333333,23.666666666666668,11.5,SB,Yes,1.21,-2.72,52.66,-29.059999999999995,0,9,Drought,No,Sapling
SB4,2013,no,8.147,31.333333333333332,11.5,SB,Yes,1.11,-2.5,52.55,-29.83,0,9,Drought,No,Sapling
SB4,2012,no,7.961666666666666,28,11.5,SB,Yes,0.93,-2.77,52.76,-29.740000000000002,0,9,Drought,No,Sapling
SB5,2017,yes,6.723333333333334,10.666666666666666,70,SB,No,0.92,-1.31,49.84,-26.83,0,10,NoDrought,Yes,Adult
SB5,2016,yes,7.084333333333333,14.333333333333334,70,SB,No,1.28,-1.48,52.96,-27.37,0,10,NoDrought,Yes,Adult
SB5,2015,yes,6.84,8,70,SB,Yes,1.05,-1.58,51.54,-28.17,0,10,Drought,Yes,Adult
SB5,2014,yes,7.331,12,70,SB,Yes,1.03,-1.57,51.63,-28.15,0,10,Drought,Yes,Adult
SB5,2013,yes,7.426666666666666,9,70,SB,Yes,0.95,-1.81,52.21,-28.190000000000005,0,10,Drought,Yes,Adult
SB5,2012,yes,7.416666666666667,2.3333333333333335,70,SB,Yes,0.93,-1.83,51.59,-28.36,0,10,Drought,Yes,Adult
SB6,2017,no,7.945,9.333333333333334,54.9,SB,No,0.87,-1.82,51.5,-28.32,0,10,NoDrought,No,Adult
SB6,2016,no,8.716,20,54.9,SB,No,0.91,-3.35,52.09,-27.79,0,10,NoDrought,No,Adult
SB6,2015,no,8.067333333333332,13.333333333333334,54.9,SB,Yes,0.88,-3.71,51.14,-29.060000000000002,0,10,Drought,No,Adult
SB6,2014,no,8.987666666666668,14,54.9,SB,Yes,0.79,-4.26,49.97,-28.29,0,10,Drought,No,Adult
SB6,2013,no,8.706999999999999,23.666666666666668,54.9,SB,Yes,0.81,-4.55,51.26,-28.980000000000004,0,10,Drought,No,Adult
SB6,2012,no,8.651666666666667,29.333333333333332,54.9,SB,Yes,0.78,-4.3,50.57,-28.78,0,10,Drought,No,Adult
SB7,2017,yes,7.3196666666666665,9.666666666666666,36.5,SB,No,1.04,-4.56,49.66,-26.61,0,11,NoDrought,Yes,Adult
SB7,2016,yes,6.224999999999999,7.333333333333333,36.5,SB,No,0.86,-4.78,51.23,-26.91,0,11,NoDrought,Yes,Adult
SB7,2015,yes,7.649666666666666,14.666666666666666,36.5,SB,Yes,0.85,-5.21,52.19,-27.010000000000005,0,11,Drought,Yes,Adult
SB7,2014,yes,8.041666666666666,18.333333333333332,36.5,SB,Yes,1.43,-3.28,52.05,-26.54,0,11,Drought,Yes,Adult
SB7,2013,yes,9.043000000000001,18.666666666666668,36.5,SB,Yes,0.94,-5.41,52.02,-28.550000000000004,0,11,Drought,Yes,Adult
SB7,2012,yes,9.611333333333333,19.333333333333332,36.5,SB,Yes,0.8,-5.51,50.58,-28.629999999999995,0,11,Drought,Yes,Adult
SB8,2017,no,10.098,11.333333333333334,27.9,SB,No,1.03,-3.45,50.3,-27.229999999999997,0,11,NoDrought,No,Pole
SB8,2016,no,9.063666666666668,10.666666666666666,27.9,SB,No,1.04,-3.91,51.05,-27.17,0,11,NoDrought,No,Pole
SB8,2015,no,7.484000000000001,11.333333333333334,27.9,SB,Yes,1.06,-3.95,51.18,-26.859999999999996,0,11,Drought,No,Pole
SB8,2014,no,7.681333333333334,14.666666666666666,27.9,SB,Yes,0.98,-4.02,51.98,-26.47,0,11,Drought,No,Pole
SB8,2013,no,9.095666666666666,17.666666666666668,27.9,SB,Yes,0.99,-4.12,51.91,-26.43,0,11,Drought,No,Pole
SB8,2012,no,10.926333333333334,6.666666666666667,27.9,SB,Yes,0.88,-4.15,51.74,-27.29,0,11,Drought,No,Pole
SB9,2017,yes,6.733333333333334,26.333333333333332,20.5,SB,No,1.17,-4.49,50.61,-25.979999999999997,0,12,NoDrought,Yes,Pole
SB9,2016,yes,6.761,27.666666666666668,20.5,SB,No,1.12,-4.68,50.52,-26.409999999999997,0,12,NoDrought,Yes,Pole
SB9,2015,yes,6.576333333333333,21.666666666666668,20.5,SB,Yes,1.03,-4.9,52.09,-26.85,0,12,Drought,Yes,Pole
SB9,2014,yes,5.574666666666666,25.333333333333332,20.5,SB,Yes,0.92,-5,51.89,-26.26,0,12,Drought,Yes,Pole
SB9,2013,yes,5.976333333333333,20.666666666666668,20.5,SB,Yes,0.64,-5.19,51.89,-26.86,0,12,Drought,Yes,Pole
SB9,2012,yes,6.323333333333333,11.666666666666666,20.5,SB,Yes,0.57,-5,52.72,-27.58,0,12,Drought,Yes,Pole
SB10,2017,no,6.602666666666667,13.333333333333334,21.5,SB,No,1.15,-4.63,50.85,-26.93,0,12,NoDrought,No,Pole
SB10,2016,no,6.818666666666666,13.666666666666666,21.5,SB,No,1.13,-5.06,51.76,-27.379999999999995,0,12,NoDrought,No,Pole
SB10,2015,no,6.630333333333333,11,21.5,SB,Yes,1.06,-5.17,51.97,-27.33,0,12,Drought,No,Pole
SB10,2014,no,4.998333333333334,14.666666666666666,21.5,SB,Yes,0.98,-5.4,51.77,-26.21,0,12,Drought,No,Pole
SB10,2013,no,7.215333333333334,16.333333333333332,21.5,SB,Yes,1.02,-5.38,51.97,-27.33,0,12,Drought,No,Pole
SB10,2012,no,7.189,21.666666666666668,21.5,SB,Yes,0.86,-5.34,51.5,-27.42,0,12,Drought,No,Pole
SB11,2017,yes,9.037666666666668,16.333333333333332,20.5,SB,No,1,-5.52,50.02,-28.979999999999997,0,13,NoDrought,Yes,Pole
SB11,2016,yes,8.862333333333334,15.333333333333334,20.5,SB,No,1.1,-6.23,50.89,-29.449999999999996,0,13,NoDrought,Yes,Pole
SB11,2015,yes,7.9430000000000005,15,20.5,SB,Yes,1.18,-6.54,52.04,-30.15,0,13,Drought,Yes,Pole
SB11,2014,yes,8.170333333333334,15.333333333333334,20.5,SB,Yes,1.1,-6.77,51.81,-29.980000000000004,0,13,Drought,Yes,Pole
SB11,2013,yes,6.307333333333333,20.333333333333332,20.5,SB,Yes,0.99,-7.07,51.29,-30.18,0,13,Drought,Yes,Pole
SB11,2012,yes,8.222666666666667,9.333333333333334,20.5,SB,Yes,0.97,-7.01,48.81,-30.340000000000003,0,13,Drought,Yes,Pole
SB12,2017,no,8.745666666666667,19,21.5,SB,No,1.26,-5.57,50.62,-28.47,0,13,NoDrought,No,Pole
SB12,2016,no,8.748666666666667,24.666666666666668,21.5,SB,No,1.2,-6.19,51.5,-28.58,0,13,NoDrought,No,Pole
SB12,2015,no,9.127333333333334,20.333333333333332,21.5,SB,Yes,1.25,-6.13,51.82,-28.980000000000004,0,13,Drought,No,Pole
SB12,2014,no,8.270333333333333,25,21.5,SB,Yes,0.93,-6.43,50.61,-28.01,0,13,Drought,No,Pole
SB12,2013,no,8.810333333333334,26.333333333333332,21.5,SB,Yes,0.83,-6.54,51.08,-28.42,0,13,Drought,No,Pole
SB12,2012,no,9.436,13.666666666666666,21.5,SB,Yes,0.68,-6.33,51,-28.36,0,13,Drought,No,Pole
SB14,2017,yes,4.225333333333333,20.333333333333332,6.3,SB,No,0.86,-4.64,48.4,-25.809999999999995,1,14,NoDrought,Yes,Sapling
SB14,2016,yes,7.115666666666667,29.333333333333332,6.3,SB,No,0.95,-3.88,50.48,-28.1,1,14,NoDrought,Yes,Sapling
SB14,2015,yes,8.569333333333335,26.666666666666668,6.3,SB,Yes,1.02,-4.14,51.6,-29.04,1,14,Drought,Yes,Sapling
SB14,2014,yes,8.130999999999998,25.666666666666668,6.3,SB,Yes,1.06,-4.32,51.58,-28.87,1,14,Drought,Yes,Sapling
SB14,2013,yes,8.756,20.333333333333332,6.3,SB,Yes,0.95,-4.53,56.65,-28.65,1,14,Drought,Yes,Sapling
SB14,2012,yes,9.994,10.666666666666666,6.3,SB,Yes,0.74,-4.17,51.77,-28.489999999999995,1,14,Drought,Yes,Sapling
SB15,2017,no,6.037,42.666666666666664,6.5,SB,No,1.32,-3.24,50.43,-28.27,0,14,NoDrought,No,Sapling
SB15,2016,no,7.165666666666667,52.333333333333336,6.5,SB,No,1.5,-3.92,50.43,-28.769999999999996,0,14,NoDrought,No,Sapling
SB15,2015,no,7.447666666666666,47.666666666666664,6.5,SB,Yes,1.25,-4.12,52.09,-29.96,0,14,Drought,No,Sapling
SB15,2014,no,8.131,40.666666666666664,6.5,SB,Yes,1.13,-4.19,50.69,-29.130000000000003,0,14,Drought,No,Sapling
SB15,2013,no,7.492,43,6.5,SB,Yes,0.87,-4.02,51.7,-29.200000000000003,0,14,Drought,No,Sapling
SB15,2012,no,7.887499999999999,0.6666666666666666,6.5,SB,Yes,0.76,-3.55,48.83,-28.77,0,14,Drought,No,Sapling
SB16,2017,no,7.297666666666667,21,32.2,SB,No,1.07,-5.15,50.33,-26.880000000000003,0,15,NoDrought,No,Adult
SB16,2016,no,7.989999999999999,20,32.2,SB,No,1.28,-5.7,50.67,-27.21,0,15,NoDrought,No,Adult
SB16,2015,no,7.869666666666668,18.333333333333332,32.2,SB,Yes,1.03,-5.95,51.24,-28.25,0,15,Drought,No,Adult
SB16,2014,no,7.63,21,32.2,SB,Yes,0.96,-6.37,51.4,-27.92,0,15,Drought,No,Adult
SB16,2013,no,7.458333333333333,23.333333333333332,32.2,SB,Yes,0.85,-6.32,50.66,-27.950000000000003,0,15,Drought,No,Adult
SB16,2012,no,9.231,13.333333333333334,32.2,SB,Yes,0.77,-6.43,50.48,-27.770000000000003,0,15,Drought,No,Adult
SB17,2017,yes,9.579333333333333,14.666666666666666,35.2,SB,No,1.27,-3.7,50.73,-25.16,0,15,NoDrought,Yes,Adult
SB17,2016,yes,8.902,15,35.2,SB,No,1.19,-4.34,51.49,-26.129999999999995,0,15,NoDrought,Yes,Adult
SB17,2015,yes,8.472,9.666666666666666,35.2,SB,Yes,0.95,-4.54,51.48,-26.340000000000003,0,15,Drought,Yes,Adult
SB17,2014,yes,8.199,11.333333333333334,35.2,SB,Yes,1.01,-4.93,51.58,-25.729999999999997,0,15,Drought,Yes,Adult
SB17,2013,yes,7.204,10,35.2,SB,Yes,NA,NA,NA,NA,0,15,Drought,Yes,Adult
SB17,2012,yes,7.441,3.6666666666666665,35.2,SB,Yes,NA,NA,NA,NA,0,15,Drought,Yes,Adult
SB18,2017,yes,9.920333333333334,16.666666666666668,22.7,SB,No,1.21,-5.09,50.33,-26.92,0,16,NoDrought,Yes,Pole
SB18,2016,yes,10.5,21.666666666666668,22.7,SB,No,1.23,-5.43,50.99,-27.62,0,16,NoDrought,Yes,Pole
SB18,2015,yes,9.328666666666667,23.333333333333332,22.7,SB,Yes,1.16,-5.36,51.9,-28.090000000000003,0,16,Drought,Yes,Pole
SB18,2014,yes,9.798333333333334,22.666666666666668,22.7,SB,Yes,0.85,-5.64,51.54,-27.55,0,16,Drought,Yes,Pole
SB18,2013,yes,9.939333333333334,24,22.7,SB,Yes,0.96,-5.84,51.31,-28.130000000000003,0,16,Drought,Yes,Pole
SB18,2012,yes,10.594,17,22.7,SB,Yes,0.8,-5.86,51.5,-28.07,0,16,Drought,Yes,Pole
SB19,2017,no,8.504666666666667,20.333333333333332,20.9,SB,No,1.05,-4.03,50.36,-28.14,0,16,NoDrought,No,Pole
SB19,2016,no,9.346,20,20.9,SB,No,0.99,-4.4,51.08,-28.17,0,16,NoDrought,No,Pole
SB19,2015,no,8.778333333333334,22,20.9,SB,Yes,1,-4.79,51.64,-28.2,0,16,Drought,No,Pole
SB19,2014,no,8.464333333333334,22.666666666666668,20.9,SB,Yes,0.91,-4.97,51.44,-27.79,0,16,Drought,No,Pole
SB19,2013,no,8.289333333333333,30.333333333333332,20.9,SB,Yes,0.98,-5.09,51.69,-28.810000000000002,0,16,Drought,No,Pole
SB19,2012,no,8.630666666666666,19,20.9,SB,Yes,0.97,-5.22,51.47,-28.880000000000003,0,16,Drought,No,Pole
SB20,2017,yes,7.05,15.666666666666666,25.3,SB,No,0.96,-5.04,50.93,-26.96,0,17,NoDrought,Yes,Pole
SB20,2016,yes,6.342,21.666666666666668,25.3,SB,No,0.99,-5,51.53,-27.379999999999995,0,17,NoDrought,Yes,Pole
SB20,2015,yes,7.72,27,25.3,SB,Yes,0.9,-5.25,51.01,-27.880000000000003,0,17,Drought,Yes,Pole
SB20,2014,yes,8.582666666666666,24.333333333333332,25.3,SB,Yes,0.84,-5.58,50.88,-27.15,0,17,Drought,Yes,Pole
SB20,2013,yes,8.038333333333334,30.666666666666668,25.3,SB,Yes,0.92,-5.6,50.47,-27.480000000000004,0,17,Drought,Yes,Pole
SB20,2012,yes,8.2283333333333335,13.666666666666666,25.3,SB,Yes,0.78,-5.36,50.78,-27.48,0,17,Drought,Yes,Pole
SB21,2017,no,8.892000000000001,28,22.8,SB,No,0.93,-3.74,50.4,-27.85,0,17,NoDrought,No,Pole
SB21,2016,no,9.025333333333334,28.333333333333332,22.8,SB,No,1.16,-3.84,51.69,-28.330000000000002,0,17,NoDrought,No,Pole
SB21,2015,no,7.585333333333334,26,22.8,SB,Yes,1,-3.85,52.03,-28.620000000000005,0,17,Drought,No,Pole
SB21,2014,no,7.316,32.666666666666664,22.8,SB,Yes,1.02,-4.17,51.83,-27.55,0,17,Drought,No,Pole
SB21,2013,no,9.409333333333334,20.666666666666668,22.8,SB,Yes,0.96,-4.27,51.95,-27.8,0,17,Drought,No,Pole
SB21,2012,no,9.954666666666666,16.666666666666668,22.8,SB,Yes,0.88,-4.48,51.63,-28.5,0,17,Drought,No,Pole
SB22,2017,yes,6.736,19.666666666666668,9.2,SB,No,1.04,-3.95,50.18,-27.56,0,18,NoDrought,Yes,Sapling
SB22,2016,yes,7.211333333333333,26.666666666666668,9.2,SB,No,1.21,-4.52,51.39,-27.5,0,18,NoDrought,Yes,Sapling
SB22,2015,yes,8.777000000000001,19.666666666666668,9.2,SB,Yes,1.09,-4.11,51.11,-28.25,0,18,Drought,Yes,Sapling
SB22,2014,yes,7.127,21,9.2,SB,Yes,1.1,-4.45,51.22,-27.65,0,18,Drought,Yes,Sapling
SB22,2013,yes,7.270333333333333,19,9.2,SB,Yes,1,-4.63,51.23,-27.550000000000004,0,18,Drought,Yes,Sapling
SB22,2012,yes,7.802,16.666666666666668,9.2,SB,Yes,0.97,-4.69,51.74,-27.65,0,18,Drought,Yes,Sapling
SB23,2017,no,6.617,11.333333333333334,11.3,SB,No,0.95,-4.33,50.08,-26.370000000000005,0,18,NoDrought,No,Sapling
SB23,2016,no,6.072333333333333,23,11.3,SB,No,1.09,-4.76,51.04,-26.82,0,18,NoDrought,No,Sapling
SB23,2015,no,7.957333333333334,17,11.3,SB,Yes,0.95,-4.82,51.05,-28.310000000000002,0,18,Drought,No,Sapling
SB23,2014,no,6.825666666666667,13,11.3,SB,Yes,1.03,-4.94,51.5,-26.96,0,18,Drought,No,Sapling
SB23,2013,no,6.900666666666666,18.666666666666668,11.3,SB,Yes,1.11,-5.05,52.19,-27.020000000000003,0,18,Drought,No,Sapling
SB23,2012,no,7.979333333333333,9.666666666666666,11.3,SB,Yes,0.87,-4.98,51.06,-26.97,0,18,Drought,No,Sapling
